gbifID	datasetKey	occurrenceID	kingdom	phylum	class	order	family	genus	species	infraspecificEpithet	taxonRank	scientificName	verbatimScientificName	verbatimScientificNameAuthorship	countryCode	locality	stateProvince	occurrenceStatus	individualCount	publishingOrgKey	decimalLatitude	decimalLongitude	coordinateUncertaintyInMeters	coordinatePrecision	elevation	elevationAccuracy	depth	depthAccuracy	eventDate	day	month	year	taxonKey	speciesKey	basisOfRecord	institutionCode	collectionCode	catalogNumber	recordNumber	identifiedBy	dateIdentified	license	rightsHolder	recordedBy	typeStatus	establishmentMeans	lastInterpreted	mediaType	issue
3350518534	d8cd16ba-bb74-4420-821e-083f2bac17c2	KP033163	Animalia	Arthropoda	Hexanauplia	Cyclopoida	Oithonidae	Oithona	Oithona davisae		SPECIES	Oithona davisae Ferrari F.D. & Orsi, 1984	Oithona davisae		ZZ			PRESENT		ada9d123-ddb4-467d-8891-806ea8d94230	55.02	8.45							2010-10-01T00:00:00	1	10	2010	5166638	5166638	PRESERVED_SPECIMEN			OspF1200		Astrid Cornils		CC_BY_4_0		Britta Wend-Heckmann			2022-01-29T22:20:48.256Z		GEODETIC_DATUM_ASSUMED_WGS84;COUNTRY_COORDINATE_MISMATCH
3350489561	d8cd16ba-bb74-4420-821e-083f2bac17c2	KP033165	Animalia	Arthropoda	Hexanauplia	Cyclopoida	Oithonidae	Oithona	Oithona davisae		SPECIES	Oithona davisae Ferrari F.D. & Orsi, 1984	Oithona davisae		ZZ			PRESENT		ada9d123-ddb4-467d-8891-806ea8d94230	55.02	8.45							2010-10-01T00:00:00	1	10	2010	5166638	5166638	PRESERVED_SPECIMEN			OspF1202		Astrid Cornils		CC_BY_4_0		Britta Wend-Heckmann			2022-01-29T22:22:40.875Z		GEODETIC_DATUM_ASSUMED_WGS84;COUNTRY_COORDINATE_MISMATCH
3347719503	d8cd16ba-bb74-4420-821e-083f2bac17c2	KP033187	Animalia	Arthropoda	Hexanauplia	Cyclopoida	Oithonidae	Oithona	Oithona davisae		SPECIES	Oithona davisae Ferrari F.D. & Orsi, 1984	Oithona davisae		ZZ			PRESENT		ada9d123-ddb4-467d-8891-806ea8d94230	55.02	8.45							2010-10-01T00:00:00	1	10	2010	5166638	5166638	PRESERVED_SPECIMEN			OspF1208		Astrid Cornils		CC_BY_4_0		Britta Wend-Heckmann			2022-01-29T22:22:56.480Z		GEODETIC_DATUM_ASSUMED_WGS84;COUNTRY_COORDINATE_MISMATCH
3347674466	d8cd16ba-bb74-4420-821e-083f2bac17c2	KP033188	Animalia	Arthropoda	Hexanauplia	Cyclopoida	Oithonidae	Oithona	Oithona davisae		SPECIES	Oithona davisae Ferrari F.D. & Orsi, 1984	Oithona davisae		ZZ			PRESENT		ada9d123-ddb4-467d-8891-806ea8d94230	55.02	8.45							2010-10-01T00:00:00	1	10	2010	5166638	5166638	PRESERVED_SPECIMEN			OspF1209		Astrid Cornils		CC_BY_4_0		Britta Wend-Heckmann			2022-01-29T22:22:56.400Z		GEODETIC_DATUM_ASSUMED_WGS84;COUNTRY_COORDINATE_MISMATCH
3347672610	d8cd16ba-bb74-4420-821e-083f2bac17c2	KP033183	Animalia	Arthropoda	Hexanauplia	Cyclopoida	Oithonidae	Oithona	Oithona davisae		SPECIES	Oithona davisae Ferrari F.D. & Orsi, 1984	Oithona davisae		ZZ			PRESENT		ada9d123-ddb4-467d-8891-806ea8d94230	55.02	8.45							2010-10-01T00:00:00	1	10	2010	5166638	5166638	PRESERVED_SPECIMEN			OspF1204		Astrid Cornils		CC_BY_4_0		Britta Wend-Heckmann			2022-01-29T22:21:07.087Z		GEODETIC_DATUM_ASSUMED_WGS84;COUNTRY_COORDINATE_MISMATCH
3347643727	d8cd16ba-bb74-4420-821e-083f2bac17c2	KP033184	Animalia	Arthropoda	Hexanauplia	Cyclopoida	Oithonidae	Oithona	Oithona davisae		SPECIES	Oithona davisae Ferrari F.D. & Orsi, 1984	Oithona davisae		ZZ			PRESENT		ada9d123-ddb4-467d-8891-806ea8d94230	55.02	8.45							2010-10-01T00:00:00	1	10	2010	5166638	5166638	PRESERVED_SPECIMEN			OspF1205		Astrid Cornils		CC_BY_4_0		Britta Wend-Heckmann			2022-01-29T22:21:03.832Z		GEODETIC_DATUM_ASSUMED_WGS84;COUNTRY_COORDINATE_MISMATCH
3347561337	d8cd16ba-bb74-4420-821e-083f2bac17c2	KP033185	Animalia	Arthropoda	Hexanauplia	Cyclopoida	Oithonidae	Oithona	Oithona davisae		SPECIES	Oithona davisae Ferrari F.D. & Orsi, 1984	Oithona davisae		ZZ			PRESENT		ada9d123-ddb4-467d-8891-806ea8d94230	55.02	8.45							2010-10-01T00:00:00	1	10	2010	5166638	5166638	PRESERVED_SPECIMEN			OspF1206		Astrid Cornils		CC_BY_4_0		Britta Wend-Heckmann			2022-01-29T22:22:55.580Z		GEODETIC_DATUM_ASSUMED_WGS84;COUNTRY_COORDINATE_MISMATCH
3347545391	d8cd16ba-bb74-4420-821e-083f2bac17c2	KP033180	Animalia	Arthropoda	Hexanauplia	Cyclopoida	Oithonidae	Oithona	Oithona davisae		SPECIES	Oithona davisae Ferrari F.D. & Orsi, 1984	Oithona davisae		ZZ			PRESENT		ada9d123-ddb4-467d-8891-806ea8d94230	55.02	8.45							2010-10-01T00:00:00	1	10	2010	5166638	5166638	PRESERVED_SPECIMEN			OspF1201		Astrid Cornils		CC_BY_4_0		Britta Wend-Heckmann			2022-01-29T22:21:03.699Z		GEODETIC_DATUM_ASSUMED_WGS84;COUNTRY_COORDINATE_MISMATCH
3347544329	d8cd16ba-bb74-4420-821e-083f2bac17c2	KP033186	Animalia	Arthropoda	Hexanauplia	Cyclopoida	Oithonidae	Oithona	Oithona davisae		SPECIES	Oithona davisae Ferrari F.D. & Orsi, 1984	Oithona davisae		ZZ			PRESENT		ada9d123-ddb4-467d-8891-806ea8d94230	55.02	8.45							2010-10-01T00:00:00	1	10	2010	5166638	5166638	PRESERVED_SPECIMEN			OspF1207		Astrid Cornils		CC_BY_4_0		Britta Wend-Heckmann			2022-01-29T22:20:47.127Z		GEODETIC_DATUM_ASSUMED_WGS84;COUNTRY_COORDINATE_MISMATCH
3347543519	d8cd16ba-bb74-4420-821e-083f2bac17c2	KP033182	Animalia	Arthropoda	Hexanauplia	Cyclopoida	Oithonidae	Oithona	Oithona davisae		SPECIES	Oithona davisae Ferrari F.D. & Orsi, 1984	Oithona davisae		ZZ			PRESENT		ada9d123-ddb4-467d-8891-806ea8d94230	55.02	8.45							2010-10-01T00:00:00	1	10	2010	5166638	5166638	PRESERVED_SPECIMEN			OspF1203		Astrid Cornils		CC_BY_4_0		Britta Wend-Heckmann			2022-01-29T22:21:03.596Z		GEODETIC_DATUM_ASSUMED_WGS84;COUNTRY_COORDINATE_MISMATCH
2249546676	040c5662-da76-4782-a48e-cdea1892d14c	http://bins.boldsystems.org/index.php/Public_RecordView?processid=GBCX4525-15	Animalia	Arthropoda	Hexanauplia	Cyclopoida	Oithonidae	Oithona	Oithona davisae		UNRANKED	BOLD:ACK8948	BOLD:ACK8948		ZZ			PRESENT		b3bf3a83-1f68-4541-a03f-330d30d567f5	55.025	8.453							2010-10-02T00:00:00	2	10	2010	10321434	5166638	MATERIAL_SAMPLE			OspF1203				CC_BY_4_0	Barcode of Life Datasystems	Britta Wend-Heckmann			2022-02-05T20:40:55.743Z		GEODETIC_DATUM_ASSUMED_WGS84;COUNTRY_COORDINATE_MISMATCH
2249545587	040c5662-da76-4782-a48e-cdea1892d14c	http://bins.boldsystems.org/index.php/Public_RecordView?processid=GBCX4524-15	Animalia	Arthropoda	Hexanauplia	Cyclopoida	Oithonidae	Oithona	Oithona davisae		UNRANKED	BOLD:ACK8948	BOLD:ACK8948		ZZ			PRESENT		b3bf3a83-1f68-4541-a03f-330d30d567f5	55.025	8.453							2010-10-02T00:00:00	2	10	2010	10321434	5166638	MATERIAL_SAMPLE			OspF1204				CC_BY_4_0	Barcode of Life Datasystems	Britta Wend-Heckmann			2022-02-05T20:41:41.820Z		GEODETIC_DATUM_ASSUMED_WGS84;COUNTRY_COORDINATE_MISMATCH
2249545164	040c5662-da76-4782-a48e-cdea1892d14c	http://bins.boldsystems.org/index.php/Public_RecordView?processid=GBCX4522-15	Animalia	Arthropoda	Hexanauplia	Cyclopoida	Oithonidae	Oithona	Oithona davisae		UNRANKED	BOLD:ACK8948	BOLD:ACK8948		ZZ			PRESENT		b3bf3a83-1f68-4541-a03f-330d30d567f5	55.025	8.453							2010-10-02T00:00:00	2	10	2010	10321434	5166638	MATERIAL_SAMPLE			OspF1206				CC_BY_4_0	Barcode of Life Datasystems	Britta Wend-Heckmann			2022-02-05T20:40:49.038Z		GEODETIC_DATUM_ASSUMED_WGS84;COUNTRY_COORDINATE_MISMATCH
2249545095	040c5662-da76-4782-a48e-cdea1892d14c	http://bins.boldsystems.org/index.php/Public_RecordView?processid=GBCX4523-15	Animalia	Arthropoda	Hexanauplia	Cyclopoida	Oithonidae	Oithona	Oithona davisae		UNRANKED	BOLD:ACK8948	BOLD:ACK8948		ZZ			PRESENT		b3bf3a83-1f68-4541-a03f-330d30d567f5	55.025	8.453							2010-10-02T00:00:00	2	10	2010	10321434	5166638	MATERIAL_SAMPLE			OspF1205				CC_BY_4_0	Barcode of Life Datasystems	Britta Wend-Heckmann			2022-02-05T20:41:33.227Z		GEODETIC_DATUM_ASSUMED_WGS84;COUNTRY_COORDINATE_MISMATCH
2249544714	040c5662-da76-4782-a48e-cdea1892d14c	http://bins.boldsystems.org/index.php/Public_RecordView?processid=GBCX4527-15	Animalia	Arthropoda	Hexanauplia	Cyclopoida	Oithonidae	Oithona	Oithona davisae		UNRANKED	BOLD:ACK8948	BOLD:ACK8948		ZZ			PRESENT		b3bf3a83-1f68-4541-a03f-330d30d567f5	55.025	8.453							2010-10-02T00:00:00	2	10	2010	10321434	5166638	MATERIAL_SAMPLE			OspF1201				CC_BY_4_0	Barcode of Life Datasystems	Britta Wend-Heckmann			2022-02-05T20:40:51.732Z		GEODETIC_DATUM_ASSUMED_WGS84;COUNTRY_COORDINATE_MISMATCH
2249544024	040c5662-da76-4782-a48e-cdea1892d14c	http://bins.boldsystems.org/index.php/Public_RecordView?processid=GBCX4519-15	Animalia	Arthropoda	Hexanauplia	Cyclopoida	Oithonidae	Oithona	Oithona davisae		UNRANKED	BOLD:ACK8948	BOLD:ACK8948		ZZ			PRESENT		b3bf3a83-1f68-4541-a03f-330d30d567f5	55.025	8.453							2010-10-02T00:00:00	2	10	2010	10321434	5166638	MATERIAL_SAMPLE			OspF1209				CC_BY_4_0	Barcode of Life Datasystems	Britta Wend-Heckmann			2022-02-05T20:39:49.272Z		GEODETIC_DATUM_ASSUMED_WGS84;COUNTRY_COORDINATE_MISMATCH
2249543885	040c5662-da76-4782-a48e-cdea1892d14c	http://bins.boldsystems.org/index.php/Public_RecordView?processid=GBCX4520-15	Animalia	Arthropoda	Hexanauplia	Cyclopoida	Oithonidae	Oithona	Oithona davisae		UNRANKED	BOLD:ACK8948	BOLD:ACK8948		ZZ			PRESENT		b3bf3a83-1f68-4541-a03f-330d30d567f5	55.025	8.453							2010-10-02T00:00:00	2	10	2010	10321434	5166638	MATERIAL_SAMPLE			OspF1208				CC_BY_4_0	Barcode of Life Datasystems	Britta Wend-Heckmann			2022-02-05T20:41:33.432Z		GEODETIC_DATUM_ASSUMED_WGS84;COUNTRY_COORDINATE_MISMATCH
2249543873	040c5662-da76-4782-a48e-cdea1892d14c	http://bins.boldsystems.org/index.php/Public_RecordView?processid=GBCX4521-15	Animalia	Arthropoda	Hexanauplia	Cyclopoida	Oithonidae	Oithona	Oithona davisae		UNRANKED	BOLD:ACK8948	BOLD:ACK8948		ZZ			PRESENT		b3bf3a83-1f68-4541-a03f-330d30d567f5	55.025	8.453							2010-10-02T00:00:00	2	10	2010	10321434	5166638	MATERIAL_SAMPLE			OspF1207				CC_BY_4_0	Barcode of Life Datasystems	Britta Wend-Heckmann			2022-02-05T20:39:49.274Z		GEODETIC_DATUM_ASSUMED_WGS84;COUNTRY_COORDINATE_MISMATCH
2249543010	040c5662-da76-4782-a48e-cdea1892d14c	http://bins.boldsystems.org/index.php/Public_RecordView?processid=GBCX4526-15	Animalia	Arthropoda	Hexanauplia	Cyclopoida	Oithonidae	Oithona	Oithona davisae		UNRANKED	BOLD:ACK8948	BOLD:ACK8948		ZZ			PRESENT		b3bf3a83-1f68-4541-a03f-330d30d567f5	55.025	8.453							2010-10-02T00:00:00	2	10	2010	10321434	5166638	MATERIAL_SAMPLE			OspF1202				CC_BY_4_0	Barcode of Life Datasystems	Britta Wend-Heckmann			2022-02-05T20:41:33.937Z		GEODETIC_DATUM_ASSUMED_WGS84;COUNTRY_COORDINATE_MISMATCH
2249542116	040c5662-da76-4782-a48e-cdea1892d14c	http://bins.boldsystems.org/index.php/Public_RecordView?processid=GBCX4528-15	Animalia	Arthropoda	Hexanauplia	Cyclopoida	Oithonidae	Oithona	Oithona davisae		UNRANKED	BOLD:ACK8948	BOLD:ACK8948		ZZ			PRESENT		b3bf3a83-1f68-4541-a03f-330d30d567f5	55.025	8.453							2010-10-02T00:00:00	2	10	2010	10321434	5166638	MATERIAL_SAMPLE			OspF1200				CC_BY_4_0	Barcode of Life Datasystems	Britta Wend-Heckmann			2022-02-05T20:40:54.498Z		GEODETIC_DATUM_ASSUMED_WGS84;COUNTRY_COORDINATE_MISMATCH
