gbifID	datasetKey	occurrenceID	kingdom	phylum	class	order	family	genus	species	infraspecificEpithet	taxonRank	scientificName	verbatimScientificName	verbatimScientificNameAuthorship	countryCode	locality	stateProvince	occurrenceStatus	individualCount	publishingOrgKey	decimalLatitude	decimalLongitude	coordinateUncertaintyInMeters	coordinatePrecision	elevation	elevationAccuracy	depth	depthAccuracy	eventDate	day	month	year	taxonKey	speciesKey	basisOfRecord	institutionCode	collectionCode	catalogNumber	recordNumber	identifiedBy	dateIdentified	license	rightsHolder	recordedBy	typeStatus	establishmentMeans	lastInterpreted	mediaType	issue
3732351167	8a863029-f435-446a-821e-275f4f641165	https://observation.org/observation/229594341	Animalia	Chordata	Ascidiacea	Stolidobranchia	Styelidae	Botrylloides	Botrylloides violaceus		SPECIES	Botrylloides violaceus Oka, 1927	Botrylloides violaceus		NL	Grevelingen - Slikken van Flakkee Zuid	Zuid-Holland	PRESENT	50	c8d737e0-2ff8-42e8-b8fc-6b805d26fc5f	51.75	4.0	5000.0						2021-08-20T00:00:00	20	8	2021	4354941	4354941	HUMAN_OBSERVATION		Observations	OBS.229594341				CC_BY_NC_4_0	Stichting Observation International				2022-03-24T22:53:51.580Z	StillImage	OCCURRENCE_STATUS_INFERRED_FROM_INDIVIDUAL_COUNT
3731949585	8a863029-f435-446a-821e-275f4f641165	https://observation.org/observation/227265117	Animalia	Chordata	Ascidiacea	Stolidobranchia	Styelidae	Botrylloides	Botrylloides violaceus		SPECIES	Botrylloides violaceus Oka, 1927	Botrylloides violaceus		NL	Oosterscheldekering - Strandje Topshuis 	Zeeland	PRESENT	1	c8d737e0-2ff8-42e8-b8fc-6b805d26fc5f	51.6	3.7	5000.0						2021-10-09T00:00:00	9	10	2021	4354941	4354941	HUMAN_OBSERVATION		Observations	OBS.227265117				CC_BY_NC_4_0	Stichting Observation International				2022-03-24T22:45:29.418Z	StillImage	OCCURRENCE_STATUS_INFERRED_FROM_INDIVIDUAL_COUNT
3729485654	8a863029-f435-446a-821e-275f4f641165	https://observation.org/observation/201668714	Animalia	Chordata	Ascidiacea	Stolidobranchia	Styelidae	Botrylloides	Botrylloides violaceus		SPECIES	Botrylloides violaceus Oka, 1927	Botrylloides violaceus		NL	Hoek van Holland - Strand	Zuid-Holland	PRESENT	1	c8d737e0-2ff8-42e8-b8fc-6b805d26fc5f	51.95	4.05	5000.0						2020-10-14T00:00:00	14	10	2020	4354941	4354941	HUMAN_OBSERVATION		Observations	OBS.201668714				CC_BY_NC_4_0	Stichting Observation International				2022-03-24T22:08:38.169Z	StillImage	OCCURRENCE_STATUS_INFERRED_FROM_INDIVIDUAL_COUNT
3722732874	8a863029-f435-446a-821e-275f4f641165	https://observation.org/observation/223250133	Animalia	Chordata	Ascidiacea	Stolidobranchia	Styelidae	Botrylloides	Botrylloides violaceus		SPECIES	Botrylloides violaceus Oka, 1927	Botrylloides violaceus		NL	Yerseke	Zeeland	PRESENT	1	c8d737e0-2ff8-42e8-b8fc-6b805d26fc5f	51.5	4.05	5000.0						2021-08-17T00:00:00	17	8	2021	4354941	4354941	HUMAN_OBSERVATION		Observations	OBS.223250133				CC_BY_NC_4_0	Stichting Observation International				2022-03-24T22:37:08.596Z		OCCURRENCE_STATUS_INFERRED_FROM_INDIVIDUAL_COUNT
3722026377	8a863029-f435-446a-821e-275f4f641165	https://observation.org/observation/219464369	Animalia	Chordata	Ascidiacea	Stolidobranchia	Styelidae	Botrylloides	Botrylloides violaceus		SPECIES	Botrylloides violaceus Oka, 1927	Botrylloides violaceus		NL	Texel - Haven Oudeschild	Noord-Holland	PRESENT	1	c8d737e0-2ff8-42e8-b8fc-6b805d26fc5f	53.0	4.85	5000.0						2021-07-07T00:00:00	7	7	2021	4354941	4354941	HUMAN_OBSERVATION		Observations	OBS.219464369				CC_BY_NC_4_0	Stichting Observation International				2022-03-24T20:51:52.153Z	StillImage	OCCURRENCE_STATUS_INFERRED_FROM_INDIVIDUAL_COUNT
3721866974	8a863029-f435-446a-821e-275f4f641165	https://observation.org/observation/225126486	Animalia	Chordata	Ascidiacea	Stolidobranchia	Styelidae	Botrylloides	Botrylloides violaceus		SPECIES	Botrylloides violaceus Oka, 1927	Botrylloides violaceus		NL	Veerse Meer - nabij Polredijk	Zeeland	PRESENT	1	c8d737e0-2ff8-42e8-b8fc-6b805d26fc5f	51.55	3.6	5000.0						2021-09-08T00:00:00	8	9	2021	4354941	4354941	HUMAN_OBSERVATION		Observations	OBS.225126486				CC_BY_NC_4_0	Stichting Observation International				2022-03-24T21:04:12.548Z	StillImage	OCCURRENCE_STATUS_INFERRED_FROM_INDIVIDUAL_COUNT
3720925473	8a863029-f435-446a-821e-275f4f641165	https://observation.org/observation/216637149	Animalia	Chordata	Ascidiacea	Stolidobranchia	Styelidae	Botrylloides	Botrylloides violaceus		SPECIES	Botrylloides violaceus Oka, 1927	Botrylloides violaceus		NL	Vlieland - Haven	Friesland	PRESENT	8	c8d737e0-2ff8-42e8-b8fc-6b805d26fc5f	53.25	5.05	5000.0						2021-06-07T00:00:00	7	6	2021	4354941	4354941	HUMAN_OBSERVATION		Observations	OBS.216637149				CC_BY_NC_4_0	Stichting Observation International				2022-03-24T20:47:46.914Z	StillImage	OCCURRENCE_STATUS_INFERRED_FROM_INDIVIDUAL_COUNT
3719226055	8a863029-f435-446a-821e-275f4f641165	https://observation.org/observation/201093743	Animalia	Chordata	Ascidiacea	Stolidobranchia	Styelidae	Botrylloides	Botrylloides violaceus		SPECIES	Botrylloides violaceus Oka, 1927	Botrylloides violaceus		NL	Texel - Haven Oudeschild	Noord-Holland	PRESENT	1	c8d737e0-2ff8-42e8-b8fc-6b805d26fc5f	53.0	4.85	5000.0						2020-10-04T00:00:00	4	10	2020	4354941	4354941	HUMAN_OBSERVATION		Observations	OBS.201093743				CC_BY_NC_4_0	Stichting Observation International				2022-03-24T20:25:56.663Z	StillImage	OCCURRENCE_STATUS_INFERRED_FROM_INDIVIDUAL_COUNT
3718548801	8a863029-f435-446a-821e-275f4f641165	https://observation.org/observation/203499956	Animalia	Chordata	Ascidiacea	Stolidobranchia	Styelidae	Botrylloides	Botrylloides violaceus		SPECIES	Botrylloides violaceus Oka, 1927	Botrylloides violaceus		NL	Yerseke	Zeeland	PRESENT	1	c8d737e0-2ff8-42e8-b8fc-6b805d26fc5f	51.45	4.05	5000.0						2020-11-21T00:00:00	21	11	2020	4354941	4354941	HUMAN_OBSERVATION		Observations	OBS.203499956				CC_BY_NC_4_0	Stichting Observation International				2022-03-24T20:30:00.019Z	StillImage	OCCURRENCE_STATUS_INFERRED_FROM_INDIVIDUAL_COUNT
3718495770	8a863029-f435-446a-821e-275f4f641165	https://observation.org/observation/203499780	Animalia	Chordata	Ascidiacea	Stolidobranchia	Styelidae	Botrylloides	Botrylloides violaceus		SPECIES	Botrylloides violaceus Oka, 1927	Botrylloides violaceus		NL	Yerseke	Zeeland	PRESENT	1	c8d737e0-2ff8-42e8-b8fc-6b805d26fc5f	51.45	4.05	5000.0						2020-11-21T00:00:00	21	11	2020	4354941	4354941	HUMAN_OBSERVATION		Observations	OBS.203499780				CC_BY_NC_4_0	Stichting Observation International				2022-03-24T20:30:20.194Z	StillImage	OCCURRENCE_STATUS_INFERRED_FROM_INDIVIDUAL_COUNT
3456671415	50c9509d-22c7-4a22-a47d-8c48425ef4a7	https://www.inaturalist.org/observations/103951388	Animalia	Chordata	Ascidiacea	Stolidobranchia	Styelidae	Botrylloides	Botrylloides violaceus		SPECIES	Botrylloides violaceus Oka, 1927	Botrylloides violaceus		NL		Zeeuwse meren	PRESENT		28eb1a3f-1c15-4a95-931a-4af90ecb574d	51.617794	3.818021	53192.0						2017-07-22T13:18:00	22	7	2017	4354941	4354941	HUMAN_OBSERVATION	iNaturalist	Observations	103951388		Marleen Schouten	2021-12-30T12:23:55	CC_BY_NC_4_0	Marleen Schouten	Marleen Schouten			2022-04-05T23:34:27.663Z	StillImage	COORDINATE_ROUNDED
3456212639	50c9509d-22c7-4a22-a47d-8c48425ef4a7	https://www.inaturalist.org/observations/103467629	Animalia	Chordata	Ascidiacea	Stolidobranchia	Styelidae	Botrylloides	Botrylloides violaceus		SPECIES	Botrylloides violaceus Oka, 1927	Botrylloides violaceus		NL		Zeeuwse meren	PRESENT		28eb1a3f-1c15-4a95-931a-4af90ecb574d	51.743008	3.879483	176.0						2019-08-17T12:13:00	17	8	2019	4354941	4354941	HUMAN_OBSERVATION	iNaturalist	Observations	103467629		Marleen Schouten	2021-12-22T12:21:46	CC_BY_NC_4_0	Marleen Schouten	Marleen Schouten			2022-04-05T23:02:33.978Z	StillImage	COORDINATE_ROUNDED
3398890028	50c9509d-22c7-4a22-a47d-8c48425ef4a7	https://www.inaturalist.org/observations/99314416	Animalia	Chordata	Ascidiacea	Stolidobranchia	Styelidae	Botrylloides	Botrylloides violaceus		SPECIES	Botrylloides violaceus Oka, 1927	Botrylloides violaceus		NL		Zeeuwse meren	PRESENT		28eb1a3f-1c15-4a95-931a-4af90ecb574d	51.777066	3.867743	90.0						2021-09-21T12:47:54	21	9	2021	4354941	4354941	HUMAN_OBSERVATION	iNaturalist	Observations	99314416		Matt Tank	2021-10-25T06:01:03	CC0_1_0	Jean-Paul Boerekamps	Jean-Paul Boerekamps			2022-04-05T23:34:02.511Z	StillImage	COORDINATE_ROUNDED
3385185022	50c9509d-22c7-4a22-a47d-8c48425ef4a7	https://www.inaturalist.org/observations/94905722	Animalia	Chordata	Ascidiacea	Stolidobranchia	Styelidae	Botrylloides	Botrylloides violaceus		SPECIES	Botrylloides violaceus Oka, 1927	Botrylloides violaceus		NL		Zeeuwse meren	PRESENT		28eb1a3f-1c15-4a95-931a-4af90ecb574d	51.777155	3.867607	107.0						2021-09-07T15:18:49	7	9	2021	4354941	4354941	HUMAN_OBSERVATION	iNaturalist	Observations	94905722		Matt Tank	2021-09-15T07:35:36	CC0_1_0	Jean-Paul Boerekamps	Jean-Paul Boerekamps			2022-04-05T23:30:55.413Z	StillImage	COORDINATE_ROUNDED
3385092886	50c9509d-22c7-4a22-a47d-8c48425ef4a7	https://www.inaturalist.org/observations/96760461	Animalia	Chordata	Ascidiacea	Stolidobranchia	Styelidae	Botrylloides	Botrylloides violaceus		SPECIES	Botrylloides violaceus Oka, 1927	Botrylloides violaceus		NL		Zeeuwse meren	PRESENT		28eb1a3f-1c15-4a95-931a-4af90ecb574d	51.777207	3.867729	121.0						2021-09-21T12:00:46	21	9	2021	4354941	4354941	HUMAN_OBSERVATION	iNaturalist	Observations	96760461		Jean-Paul Boerekamps	2021-10-01T06:22:14	CC0_1_0	Jean-Paul Boerekamps	Jean-Paul Boerekamps			2022-04-05T23:01:18.144Z	StillImage	COORDINATE_ROUNDED
3384159151	50c9509d-22c7-4a22-a47d-8c48425ef4a7	https://www.inaturalist.org/observations/97022633	Animalia	Chordata	Ascidiacea	Stolidobranchia	Styelidae	Botrylloides	Botrylloides violaceus		SPECIES	Botrylloides violaceus Oka, 1927	Botrylloides violaceus		NL		Zeeuwse meren	PRESENT		28eb1a3f-1c15-4a95-931a-4af90ecb574d	51.74326	3.879247	176.0						2019-08-17T12:13:00	17	8	2019	4354941	4354941	HUMAN_OBSERVATION	iNaturalist	Observations	97022633		François Roche	2021-10-03T16:11:30	CC_BY_NC_4_0	Marleen Schouten	Marleen Schouten			2022-04-05T23:02:27.827Z	StillImage	COORDINATE_ROUNDED
3382619477	9a0b66df-7535-4f28-9f4e-5bc11b8b096c	Natuurpunt:Waarnemingen:225309668	Animalia	Chordata	Ascidiacea	Stolidobranchia	Styelidae	Botrylloides	Botrylloides violaceus		SPECIES	Botrylloides violaceus Oka, 1927	Botrylloides violaceus	Oka, 1927	BE		West Flanders	PRESENT	1	4d3ceea8-5699-439d-a899-decac9cbbdac	51.33326	3.20219	4.0						2021-09-11T00:00:00	11	9	2021	4354941	4354941	HUMAN_OBSERVATION	Natuurpunt	waarnemingen.be					CC_BY_NC_4_0	Natuurpunt Studie				2022-04-08T13:03:11.579Z		OCCURRENCE_STATUS_INFERRED_FROM_INDIVIDUAL_COUNT
3382618491	9a0b66df-7535-4f28-9f4e-5bc11b8b096c	Natuurpunt:Waarnemingen:225326727	Animalia	Chordata	Ascidiacea	Stolidobranchia	Styelidae	Botrylloides	Botrylloides violaceus		SPECIES	Botrylloides violaceus Oka, 1927	Botrylloides violaceus	Oka, 1927	BE		West Flanders	PRESENT	1	4d3ceea8-5699-439d-a899-decac9cbbdac	51.33314	3.20165	10.0						2021-09-11T00:00:00	11	9	2021	4354941	4354941	HUMAN_OBSERVATION	Natuurpunt	waarnemingen.be					CC_BY_NC_4_0	Natuurpunt Studie				2022-04-08T13:03:11.105Z		OCCURRENCE_STATUS_INFERRED_FROM_INDIVIDUAL_COUNT
3355543252	50c9509d-22c7-4a22-a47d-8c48425ef4a7	https://www.inaturalist.org/observations/93015264	Animalia	Chordata	Ascidiacea	Stolidobranchia	Styelidae	Botrylloides	Botrylloides violaceus		SPECIES	Botrylloides violaceus Oka, 1927	Botrylloides violaceus		NL		Zeeuwse meren	PRESENT		28eb1a3f-1c15-4a95-931a-4af90ecb574d	51.756907	3.881022	58.0						2021-08-29T13:18:58	29	8	2021	4354941	4354941	HUMAN_OBSERVATION	iNaturalist	Observations	93015264		Jean-Paul Boerekamps	2021-08-30T06:46:36	CC0_1_0	Jean-Paul Boerekamps	Jean-Paul Boerekamps			2022-04-05T23:01:30.431Z	StillImage	COORDINATE_ROUNDED
3353730746	97d01261-0027-4e89-a0d2-4a7d700f5fdb	8798131	Animalia	Chordata	Ascidiacea	Stolidobranchia	Styelidae	Botrylloides	Botrylloides violaceus		SPECIES	Botrylloides violaceus Oka, 1927	Botrylloides violaceus	Oka, 1927	GB	orwell river	England	PRESENT		f6b48504-1651-4a49-a88d-c2bc6178694d	52.03142	1.160067	7.1						2018-11-07T00:00:00	7	11	2018	4354941	4354941	HUMAN_OBSERVATION		iRecord | general data			George Seinet		https://creativecommons.org/licenses/by/4.0/legalcode	Marine Biological Association, and Biological Records Centre	Seinet, G. George			2022-03-28T19:19:07.441Z		FOOTPRINT_WKT_INVALID;INDIVIDUAL_COUNT_INVALID
3345224615	9a0b66df-7535-4f28-9f4e-5bc11b8b096c	Natuurpunt:Waarnemingen:224283568	Animalia	Chordata	Ascidiacea	Stolidobranchia	Styelidae	Botrylloides	Botrylloides violaceus		SPECIES	Botrylloides violaceus Oka, 1927	Botrylloides violaceus	Oka, 1927	BE		West Flanders	PRESENT	1	4d3ceea8-5699-439d-a899-decac9cbbdac	51.33324	3.20095	25.0						2021-08-29T00:00:00	29	8	2021	4354941	4354941	HUMAN_OBSERVATION	Natuurpunt	waarnemingen.be					CC_BY_NC_4_0	Natuurpunt Studie				2022-04-08T13:01:33.884Z		OCCURRENCE_STATUS_INFERRED_FROM_INDIVIDUAL_COUNT
3345219640	9a0b66df-7535-4f28-9f4e-5bc11b8b096c	Natuurpunt:Waarnemingen:224265433	Animalia	Chordata	Ascidiacea	Stolidobranchia	Styelidae	Botrylloides	Botrylloides violaceus		SPECIES	Botrylloides violaceus Oka, 1927	Botrylloides violaceus	Oka, 1927	BE		West Flanders	PRESENT	1	4d3ceea8-5699-439d-a899-decac9cbbdac	51.33318	3.20213	25.0						2021-08-29T00:00:00	29	8	2021	4354941	4354941	HUMAN_OBSERVATION	Natuurpunt	waarnemingen.be					CC_BY_NC_4_0	Natuurpunt Studie				2022-04-08T13:01:33.530Z		OCCURRENCE_STATUS_INFERRED_FROM_INDIVIDUAL_COUNT
3345217654	9a0b66df-7535-4f28-9f4e-5bc11b8b096c	Natuurpunt:Waarnemingen:224286111	Animalia	Chordata	Ascidiacea	Stolidobranchia	Styelidae	Botrylloides	Botrylloides violaceus		SPECIES	Botrylloides violaceus Oka, 1927	Botrylloides violaceus	Oka, 1927	BE		West Flanders	PRESENT	1	4d3ceea8-5699-439d-a899-decac9cbbdac	51.33324	3.20095	25.0						2021-08-29T00:00:00	29	8	2021	4354941	4354941	HUMAN_OBSERVATION	Natuurpunt	waarnemingen.be					CC_BY_NC_4_0	Natuurpunt Studie				2022-04-08T13:01:34.637Z		OCCURRENCE_STATUS_INFERRED_FROM_INDIVIDUAL_COUNT
3044174579	9a0b66df-7535-4f28-9f4e-5bc11b8b096c	Natuurpunt:Waarnemingen:205924162	Animalia	Chordata	Ascidiacea	Stolidobranchia	Styelidae	Botrylloides	Botrylloides violaceus		SPECIES	Botrylloides violaceus Oka, 1927	Botrylloides violaceus	Oka, 1927	BE		West Flanders	PRESENT	51	4d3ceea8-5699-439d-a899-decac9cbbdac	51.33312	3.20239	50.0						2018-06-17T00:00:00	17	6	2018	4354941	4354941	HUMAN_OBSERVATION	Natuurpunt	waarnemingen.be					CC_BY_NC_4_0	Natuurpunt Studie				2022-04-08T13:01:31.253Z		OCCURRENCE_STATUS_INFERRED_FROM_INDIVIDUAL_COUNT
3035141862	686c1b9b-5f29-4e1f-8c28-f9779d264579	MRPMN00100002D91	Animalia	Chordata	Ascidiacea	Stolidobranchia	Styelidae	Botrylloides	Botrylloides violaceus		SPECIES	Botrylloides violaceus Oka, 1927	Botrylloides violaceus	Oka, 1927	GB		England	PRESENT		f0a23325-1a1d-4b4c-a192-63765963d0a4	50.895004	-1.391334	70.1						2011-03-13T00:00:00	13	3	2011	4354941	4354941	MATERIAL_SAMPLE	PNHS				Porcupine Marine Natural History Society		https://creativecommons.org/licenses/by/4.0/legalcode	Porcupine Natural History Society	Porcupine Marine Natural History Society			2022-03-26T18:32:25.635Z		COORDINATE_ROUNDED
3035127283	686c1b9b-5f29-4e1f-8c28-f9779d264579	MRPMN00100007059	Animalia	Chordata	Ascidiacea	Stolidobranchia	Styelidae	Botrylloides	Botrylloides violaceus		SPECIES	Botrylloides violaceus Oka, 1927	Botrylloides violaceus	Oka, 1927	GB		England	PRESENT		f0a23325-1a1d-4b4c-a192-63765963d0a4	50.711448	-1.977492	70.1						2018-09-12T00:00:00	12	9	2018	4354941	4354941	MATERIAL_SAMPLE	PNHS				David Fenwick		https://creativecommons.org/licenses/by/4.0/legalcode	Porcupine Natural History Society	Fenwick, D. David			2022-03-26T18:32:24.034Z		COORDINATE_ROUNDED
2960690366	9a0b66df-7535-4f28-9f4e-5bc11b8b096c	Natuurpunt:Waarnemingen:201169801	Animalia	Chordata	Ascidiacea	Stolidobranchia	Styelidae	Botrylloides	Botrylloides violaceus		SPECIES	Botrylloides violaceus Oka, 1927	Botrylloides violaceus	Oka, 1927	BE		West Flanders	PRESENT	1	4d3ceea8-5699-439d-a899-decac9cbbdac	51.33309	3.2017	8.0						2020-10-06T00:00:00	6	10	2020	4354941	4354941	HUMAN_OBSERVATION	Natuurpunt	waarnemingen.be					CC_BY_NC_4_0	Natuurpunt Studie				2022-04-08T13:01:30.700Z		OCCURRENCE_STATUS_INFERRED_FROM_INDIVIDUAL_COUNT
2957897556	52422715-c1db-40a0-ba16-b84a295d248a	T-MRMCS018000058BB	Animalia	Chordata	Ascidiacea	Stolidobranchia	Styelidae	Botrylloides	Botrylloides violaceus		SPECIES	Botrylloides violaceus Oka, 1927	Botrylloides violaceus	Oka, 1927	GB	Blackwater rMCZ, S of Mill Creek	England	PRESENT		5d662340-07fa-41b7-a3fc-e2e63ca50800	51.73577	0.852664	70.7						2014-08-07T00:00:00	7	8	2014	4354941	4354941	HUMAN_OBSERVATION	Seasearch	MRMCS01800000013					https://creativecommons.org/licenses/by/4.0/legalcode	Seasearch	Chamberlain, J. Jon			2022-03-29T11:52:42.543Z		COORDINATE_ROUNDED
2957818816	52422715-c1db-40a0-ba16-b84a295d248a	T-MRLRC01700003174	Animalia	Chordata	Ascidiacea	Stolidobranchia	Styelidae	Botrylloides	Botrylloides violaceus		SPECIES	Botrylloides violaceus Oka, 1927	Botrylloides violaceus	Oka, 1927	GB	Wych Channel WC-13	England	PRESENT		5d662340-07fa-41b7-a3fc-e2e63ca50800	50.69638	-1.96164	70.7						2016-06-10T00:00:00	10	6	2016	4354941	4354941	HUMAN_OBSERVATION	Seasearch	MRLRC0170000000D					https://creativecommons.org/licenses/by/4.0/legalcode	Seasearch	Baldock, L. Lin			2022-03-29T11:52:43.092Z		
2957725005	52422715-c1db-40a0-ba16-b84a295d248a	T-MRMCS01800002E8B	Animalia	Chordata	Ascidiacea	Stolidobranchia	Styelidae	Botrylloides	Botrylloides violaceus		SPECIES	Botrylloides violaceus Oka, 1927	Botrylloides violaceus	Oka, 1927	GB	Haven marina, Lowestoft	England	PRESENT		5d662340-07fa-41b7-a3fc-e2e63ca50800	52.47454	1.720563	70.7						2013-07-07T00:00:00	7	7	2013	4354941	4354941	HUMAN_OBSERVATION	Seasearch	MRMCS0180000000F					https://creativecommons.org/licenses/by/4.0/legalcode	Seasearch	Watson, D. Dawn			2022-03-29T11:52:42.056Z		
2957720582	52422715-c1db-40a0-ba16-b84a295d248a	T-MRMCS01800006210	Animalia	Chordata	Ascidiacea	Stolidobranchia	Styelidae	Botrylloides	Botrylloides violaceus		SPECIES	Botrylloides violaceus Oka, 1927	Botrylloides violaceus	Oka, 1927	GB	Wells outer harbour pontoons	England	PRESENT		5d662340-07fa-41b7-a3fc-e2e63ca50800	52.97103	0.852689	70.7						2014-09-16T00:00:00	16	9	2014	4354941	4354941	HUMAN_OBSERVATION	Seasearch	MRMCS01800000011					https://creativecommons.org/licenses/by/4.0/legalcode	Seasearch	Watson, D. Dawn			2022-03-29T11:52:42.366Z		COORDINATE_ROUNDED
2957715977	52422715-c1db-40a0-ba16-b84a295d248a	T-MRLRC01700003206	Animalia	Chordata	Ascidiacea	Stolidobranchia	Styelidae	Botrylloides	Botrylloides violaceus		SPECIES	Botrylloides violaceus Oka, 1927	Botrylloides violaceus	Oka, 1927	GB	Wych Channel WC-11	England	PRESENT		5d662340-07fa-41b7-a3fc-e2e63ca50800	50.69795	-1.966715	70.7						2016-06-11T00:00:00	11	6	2016	4354941	4354941	HUMAN_OBSERVATION	Seasearch	MRLRC0170000000D					https://creativecommons.org/licenses/by/4.0/legalcode	Seasearch	Baldock, L. Lin			2022-03-29T11:52:42.482Z		
2957646828	52422715-c1db-40a0-ba16-b84a295d248a	T-MRLRC017000033C2	Animalia	Chordata	Ascidiacea	Stolidobranchia	Styelidae	Botrylloides	Botrylloides violaceus		SPECIES	Botrylloides violaceus Oka, 1927	Botrylloides violaceus	Oka, 1927	GB	Wych Channel WC-06	England	PRESENT		5d662340-07fa-41b7-a3fc-e2e63ca50800	50.69796	-1.978992	70.7						2016-06-12T00:00:00	12	6	2016	4354941	4354941	HUMAN_OBSERVATION	Seasearch	MRLRC0170000000D					https://creativecommons.org/licenses/by/4.0/legalcode	Seasearch	Baldock, L. Lin			2022-03-29T11:52:41.282Z		
2957563485	52422715-c1db-40a0-ba16-b84a295d248a	T-MRMCS01800005AF9	Animalia	Chordata	Ascidiacea	Stolidobranchia	Styelidae	Botrylloides	Botrylloides violaceus		SPECIES	Botrylloides violaceus Oka, 1927	Botrylloides violaceus	Oka, 1927	GB	Lowestoft yacht marina	England	PRESENT		5d662340-07fa-41b7-a3fc-e2e63ca50800	52.47173	1.754	70.7						2014-09-17T00:00:00	17	9	2014	4354941	4354941	HUMAN_OBSERVATION	Seasearch	MRMCS01800000015					https://creativecommons.org/licenses/by/4.0/legalcode	Seasearch	Watson, D. Dawn			2022-03-29T11:52:41Z		
2957517330	52422715-c1db-40a0-ba16-b84a295d248a	T-MRMCS01800002EB7	Animalia	Chordata	Ascidiacea	Stolidobranchia	Styelidae	Botrylloides	Botrylloides violaceus		SPECIES	Botrylloides violaceus Oka, 1927	Botrylloides violaceus	Oka, 1927	GB	Yacht club marina, Lowestoft	England	PRESENT		5d662340-07fa-41b7-a3fc-e2e63ca50800	52.47194	1.753665	70.7						2013-07-23T00:00:00	23	7	2013	4354941	4354941	HUMAN_OBSERVATION	Seasearch	MRMCS0180000000F					https://creativecommons.org/licenses/by/4.0/legalcode	Seasearch	Watson, D. Dawn			2022-03-29T11:52:40.460Z		
2957359227	52422715-c1db-40a0-ba16-b84a295d248a	T-MRMCS018000059A3	Animalia	Chordata	Ascidiacea	Stolidobranchia	Styelidae	Botrylloides	Botrylloides violaceus		SPECIES	Botrylloides violaceus Oka, 1927	Botrylloides violaceus	Oka, 1927	GB	Bradwell marina	England	PRESENT		5d662340-07fa-41b7-a3fc-e2e63ca50800	51.73242	0.885988	70.7						2014-09-19T00:00:00	19	9	2014	4354941	4354941	HUMAN_OBSERVATION	Seasearch	MRMCS01800000013					https://creativecommons.org/licenses/by/4.0/legalcode	Seasearch	Watson, D. Dawn			2022-03-29T11:52:39.336Z		COORDINATE_ROUNDED
2957334992	52422715-c1db-40a0-ba16-b84a295d248a	T-MRLRC017000032E6	Animalia	Chordata	Ascidiacea	Stolidobranchia	Styelidae	Botrylloides	Botrylloides violaceus		SPECIES	Botrylloides violaceus Oka, 1927	Botrylloides violaceus	Oka, 1927	GB	Wych Channel WC-08	England	PRESENT		5d662340-07fa-41b7-a3fc-e2e63ca50800	50.69786	-1.971792	70.7						2016-06-11T00:00:00	11	6	2016	4354941	4354941	HUMAN_OBSERVATION	Seasearch	MRLRC0170000000D					https://creativecommons.org/licenses/by/4.0/legalcode	Seasearch	Watson, D. Dawn			2022-03-29T11:52:38.884Z		
2957300410	52422715-c1db-40a0-ba16-b84a295d248a	T-MRLRC01700003B5A	Animalia	Chordata	Ascidiacea	Stolidobranchia	Styelidae	Botrylloides	Botrylloides violaceus		SPECIES	Botrylloides violaceus Oka, 1927	Botrylloides violaceus	Oka, 1927	GB	Swanage Bay Northeast	England	PRESENT		5d662340-07fa-41b7-a3fc-e2e63ca50800	50.62309	-1.937056	70.7						2016-07-21T00:00:00	21	7	2016	4354941	4354941	HUMAN_OBSERVATION	Seasearch	MRLRC01700000010					https://creativecommons.org/licenses/by/4.0/legalcode	Seasearch	Baldock, L. Lin			2022-03-29T11:52:36.804Z		
2957232519	52422715-c1db-40a0-ba16-b84a295d248a	T-MRLRC024000004F8	Animalia	Chordata	Ascidiacea	Stolidobranchia	Styelidae	Botrylloides	Botrylloides violaceus		SPECIES	Botrylloides violaceus Oka, 1927	Botrylloides violaceus	Oka, 1927	GB	Jenkins Reef	England	PRESENT		5d662340-07fa-41b7-a3fc-e2e63ca50800	50.68623	-1.87652	70.7						2019-07-14T00:00:00	14	7	2019	4354941	4354941	HUMAN_OBSERVATION	Seasearch	MRLRC02400000002					https://creativecommons.org/licenses/by/4.0/legalcode	Seasearch	Owen, N. Nick			2022-03-29T11:52:36.311Z		
2957201979	52422715-c1db-40a0-ba16-b84a295d248a	T-MRLRC0220001B9E6	Animalia	Chordata	Ascidiacea	Stolidobranchia	Styelidae	Botrylloides	Botrylloides violaceus		SPECIES	Botrylloides violaceus Oka, 1927	Botrylloides violaceus	Oka, 1927	GB	Not Woody Reef	England	PRESENT		5d662340-07fa-41b7-a3fc-e2e63ca50800	50.62256	-1.941963	70.7						2018-07-08T00:00:00	8	7	2018	4354941	4354941	HUMAN_OBSERVATION	Seasearch	MRLRC02200000074					https://creativecommons.org/licenses/by/4.0/legalcode	Seasearch	Yorke, R. Richard			2022-03-29T11:52:36.469Z		
2957142541	52422715-c1db-40a0-ba16-b84a295d248a	T-MRMCS01800005AB3	Animalia	Chordata	Ascidiacea	Stolidobranchia	Styelidae	Botrylloides	Botrylloides violaceus		SPECIES	Botrylloides violaceus Oka, 1927	Botrylloides violaceus	Oka, 1927	GB	Lowestoft Yacht marina	England	PRESENT		5d662340-07fa-41b7-a3fc-e2e63ca50800	52.47163	1.753152	70.7						2014-01-27T00:00:00	27	1	2014	4354941	4354941	HUMAN_OBSERVATION	Seasearch	MRMCS01800000015					https://creativecommons.org/licenses/by/4.0/legalcode	Seasearch	Watson, D. Dawn			2022-03-29T11:52:36.228Z		
2957141108	52422715-c1db-40a0-ba16-b84a295d248a	T-MRLRC017000031D1	Animalia	Chordata	Ascidiacea	Stolidobranchia	Styelidae	Botrylloides	Botrylloides violaceus		SPECIES	Botrylloides violaceus Oka, 1927	Botrylloides violaceus	Oka, 1927	GB	Wych Channel WC-05	England	PRESENT		5d662340-07fa-41b7-a3fc-e2e63ca50800	50.69738	-1.982002	70.7						2016-06-10T00:00:00	10	6	2016	4354941	4354941	HUMAN_OBSERVATION	Seasearch	MRLRC0170000000D					https://creativecommons.org/licenses/by/4.0/legalcode	Seasearch	Quick, C. Cathryn			2022-03-29T11:52:35.993Z		
2957139522	52422715-c1db-40a0-ba16-b84a295d248a	T-MRLRC0240000056F	Animalia	Chordata	Ascidiacea	Stolidobranchia	Styelidae	Botrylloides	Botrylloides violaceus		SPECIES	Botrylloides violaceus Oka, 1927	Botrylloides violaceus	Oka, 1927	GB	No-name reef Poole Rocks	England	PRESENT		5d662340-07fa-41b7-a3fc-e2e63ca50800	50.6937	-1.875878	70.7						2019-07-13T00:00:00	13	7	2019	4354941	4354941	HUMAN_OBSERVATION	Seasearch	MRLRC02400000002					https://creativecommons.org/licenses/by/4.0/legalcode	Seasearch	Yorke, R. Richard			2022-03-29T11:52:35.875Z		
2957056604	52422715-c1db-40a0-ba16-b84a295d248a	T-MRMCS0180000311E	Animalia	Chordata	Ascidiacea	Stolidobranchia	Styelidae	Botrylloides	Botrylloides violaceus		SPECIES	Botrylloides violaceus Oka, 1927	Botrylloides violaceus	Oka, 1927	GB	Burlington gullies, Sheringham	England	PRESENT		5d662340-07fa-41b7-a3fc-e2e63ca50800	52.94797	1.205629	70.7						2013-07-14T00:00:00	14	7	2013	4354941	4354941	HUMAN_OBSERVATION	Seasearch	MRMCS01800000010					https://creativecommons.org/licenses/by/4.0/legalcode	Seasearch	Watson, D. Dawn			2022-03-29T11:52:35.929Z		
2957011511	52422715-c1db-40a0-ba16-b84a295d248a	T-MRLRC024000004BE	Animalia	Chordata	Ascidiacea	Stolidobranchia	Styelidae	Botrylloides	Botrylloides violaceus		SPECIES	Botrylloides violaceus Oka, 1927	Botrylloides violaceus	Oka, 1927	GB	Jenkins Reef	England	PRESENT		5d662340-07fa-41b7-a3fc-e2e63ca50800	50.68623	-1.87652	70.7						2019-07-14T00:00:00	14	7	2019	4354941	4354941	HUMAN_OBSERVATION	Seasearch	MRLRC02400000002					https://creativecommons.org/licenses/by/4.0/legalcode	Seasearch	Owen, N. Nick			2022-03-29T11:52:34.922Z		
2957008591	52422715-c1db-40a0-ba16-b84a295d248a	T-MRMCS018000030EF	Animalia	Chordata	Ascidiacea	Stolidobranchia	Styelidae	Botrylloides	Botrylloides violaceus		SPECIES	Botrylloides violaceus Oka, 1927	Botrylloides violaceus	Oka, 1927	GB	Burlington gullies, Sheringham	England	PRESENT		5d662340-07fa-41b7-a3fc-e2e63ca50800	52.94797	1.205629	70.7						2013-07-14T00:00:00	14	7	2013	4354941	4354941	HUMAN_OBSERVATION	Seasearch	MRMCS01800000010					https://creativecommons.org/licenses/by/4.0/legalcode	Seasearch	Watson, D. Dawn			2022-03-29T11:52:35.769Z		
2956961234	52422715-c1db-40a0-ba16-b84a295d248a	T-MRMCS01800004048	Animalia	Chordata	Ascidiacea	Stolidobranchia	Styelidae	Botrylloides	Botrylloides violaceus		SPECIES	Botrylloides violaceus Oka, 1927	Botrylloides violaceus	Oka, 1927	GB	Spalla Gap, near Weybourne	England	PRESENT		5d662340-07fa-41b7-a3fc-e2e63ca50800	52.95043	1.16949	70.7						2013-08-29T00:00:00	29	8	2013	4354941	4354941	HUMAN_OBSERVATION	Seasearch	MRMCS01800000010					https://creativecommons.org/licenses/by/4.0/legalcode	Seasearch	Watson, D. Dawn			2022-03-29T11:52:35.018Z		
2956838280	52422715-c1db-40a0-ba16-b84a295d248a	T-MRMCS01800003146	Animalia	Chordata	Ascidiacea	Stolidobranchia	Styelidae	Botrylloides	Botrylloides violaceus		SPECIES	Botrylloides violaceus Oka, 1927	Botrylloides violaceus	Oka, 1927	GB	West Runton arches	England	PRESENT		5d662340-07fa-41b7-a3fc-e2e63ca50800	52.94587	1.250888	70.7						2013-07-16T00:00:00	16	7	2013	4354941	4354941	HUMAN_OBSERVATION	Seasearch	MRMCS01800000010					https://creativecommons.org/licenses/by/4.0/legalcode	Seasearch	Watson, D. Dawn			2022-03-29T11:52:34.717Z		
2956799735	52422715-c1db-40a0-ba16-b84a295d248a	T-MRLRC02400000518	Animalia	Chordata	Ascidiacea	Stolidobranchia	Styelidae	Botrylloides	Botrylloides violaceus		SPECIES	Botrylloides violaceus Oka, 1927	Botrylloides violaceus	Oka, 1927	GB	Jenkins Reef	England	PRESENT		5d662340-07fa-41b7-a3fc-e2e63ca50800	50.68623	-1.87652	70.7						2019-07-14T00:00:00	14	7	2019	4354941	4354941	HUMAN_OBSERVATION	Seasearch	MRLRC02400000002					https://creativecommons.org/licenses/by/4.0/legalcode	Seasearch	Owen, N. Nick			2022-03-29T11:52:33.933Z		
2956794738	52422715-c1db-40a0-ba16-b84a295d248a	T-MRLRC0170000334E	Animalia	Chordata	Ascidiacea	Stolidobranchia	Styelidae	Botrylloides	Botrylloides violaceus		SPECIES	Botrylloides violaceus Oka, 1927	Botrylloides violaceus	Oka, 1927	GB	Blood Alley Lake BL-04	England	PRESENT		5d662340-07fa-41b7-a3fc-e2e63ca50800	50.68488	-1.974234	70.7						2016-06-11T00:00:00	11	6	2016	4354941	4354941	HUMAN_OBSERVATION	Seasearch	MRLRC0170000000D					https://creativecommons.org/licenses/by/4.0/legalcode	Seasearch	Watson, D. Dawn			2022-03-29T11:52:34.330Z		
2956663853	52422715-c1db-40a0-ba16-b84a295d248a	T-MRLRC01700003156	Animalia	Chordata	Ascidiacea	Stolidobranchia	Styelidae	Botrylloides	Botrylloides violaceus		SPECIES	Botrylloides violaceus Oka, 1927	Botrylloides violaceus	Oka, 1927	GB	Wych Channel WC-13	England	PRESENT		5d662340-07fa-41b7-a3fc-e2e63ca50800	50.69638	-1.96164	70.7						2016-06-10T00:00:00	10	6	2016	4354941	4354941	HUMAN_OBSERVATION	Seasearch	MRLRC0170000000D					https://creativecommons.org/licenses/by/4.0/legalcode	Seasearch	Baldock, L. Lin			2022-03-29T11:52:33.270Z		
2956643389	52422715-c1db-40a0-ba16-b84a295d248a	T-MRMCS019000000BC	Animalia	Chordata	Ascidiacea	Stolidobranchia	Styelidae	Botrylloides	Botrylloides violaceus		SPECIES	Botrylloides violaceus Oka, 1927	Botrylloides violaceus	Oka, 1927	GB	Levington marina	England	PRESENT		5d662340-07fa-41b7-a3fc-e2e63ca50800	51.99513	1.270107	70.7						2016-05-19T00:00:00	19	5	2016	4354941	4354941	HUMAN_OBSERVATION	Seasearch	MRMCS01900000004					https://creativecommons.org/licenses/by/4.0/legalcode	Seasearch	Watson, D. Dawn			2022-03-29T11:52:32.488Z		
2956611566	52422715-c1db-40a0-ba16-b84a295d248a	T-MRMCS01800002EC6	Animalia	Chordata	Ascidiacea	Stolidobranchia	Styelidae	Botrylloides	Botrylloides violaceus		SPECIES	Botrylloides violaceus Oka, 1927	Botrylloides violaceus	Oka, 1927	GB	Levington marina	England	PRESENT		5d662340-07fa-41b7-a3fc-e2e63ca50800	51.99409	1.274345	70.7						2013-09-19T00:00:00	19	9	2013	4354941	4354941	HUMAN_OBSERVATION	Seasearch	MRMCS0180000000F					https://creativecommons.org/licenses/by/4.0/legalcode	Seasearch	Watson, D. Dawn			2022-03-29T11:52:32.171Z		
2956576546	52422715-c1db-40a0-ba16-b84a295d248a	T-MRMCS018000065E8	Animalia	Chordata	Ascidiacea	Stolidobranchia	Styelidae	Botrylloides	Botrylloides violaceus		SPECIES	Botrylloides violaceus Oka, 1927	Botrylloides violaceus	Oka, 1927	GB	Levington Marina	England	PRESENT		5d662340-07fa-41b7-a3fc-e2e63ca50800	51.99534	1.269991	70.7						2015-07-31T00:00:00	31	7	2015	4354941	4354941	HUMAN_OBSERVATION	Seasearch	MRMCS01800000018					https://creativecommons.org/licenses/by/4.0/legalcode	Seasearch	Watson, D. Dawn			2022-03-29T11:52:31.146Z		
2936636720	c6951371-fbed-41b6-a1dc-dbbd1d2723d9	442808875	Animalia	Chordata	Ascidiacea	Stolidobranchia	Styelidae	Botrylloides	Botrylloides violaceus		SPECIES	Botrylloides violaceus Oka, 1927	Botrylloides violaceus	Oka, 1927	GB		England	PRESENT		f6b48504-1651-4a49-a88d-c2bc6178694d	50.749141	-1.526519	707.1						2011-06-20T00:00:00	20	6	2011	4354941	4354941	HUMAN_OBSERVATION	Marine Biological Association	1		550	John Bishop		https://creativecommons.org/licenses/by/4.0/legalcode		Wood, C. Chris			2022-03-28T20:47:31.097Z		FOOTPRINT_WKT_INVALID
2936636517	c6951371-fbed-41b6-a1dc-dbbd1d2723d9	442808892	Animalia	Chordata	Ascidiacea	Stolidobranchia	Styelidae	Botrylloides	Botrylloides violaceus		SPECIES	Botrylloides violaceus Oka, 1927	Botrylloides violaceus	Oka, 1927	GB		England	ABSENT		f6b48504-1651-4a49-a88d-c2bc6178694d	51.32955	1.422173	707.1						2009-10-06T00:00:00	6	10	2009	4354941	4354941	HUMAN_OBSERVATION	Marine Biological Association	1		567	John Bishop		https://creativecommons.org/licenses/by/4.0/legalcode		Wood, C. Chris			2022-03-28T20:47:31.013Z		FOOTPRINT_WKT_INVALID
2936636504	c6951371-fbed-41b6-a1dc-dbbd1d2723d9	442808901	Animalia	Chordata	Ascidiacea	Stolidobranchia	Styelidae	Botrylloides	Botrylloides violaceus		SPECIES	Botrylloides violaceus Oka, 1927	Botrylloides violaceus	Oka, 1927	GB		England	ABSENT		f6b48504-1651-4a49-a88d-c2bc6178694d	54.28126	-0.381069	707.1						2012-05-16T00:00:00	16	5	2012	4354941	4354941	HUMAN_OBSERVATION	Marine Biological Association	1		576	John Bishop		https://creativecommons.org/licenses/by/4.0/legalcode		Wood, C. Chris			2022-03-28T20:47:31.011Z		FOOTPRINT_WKT_INVALID
2936636306	c6951371-fbed-41b6-a1dc-dbbd1d2723d9	442808881	Animalia	Chordata	Ascidiacea	Stolidobranchia	Styelidae	Botrylloides	Botrylloides violaceus		SPECIES	Botrylloides violaceus Oka, 1927	Botrylloides violaceus	Oka, 1927	GB		England	ABSENT		f6b48504-1651-4a49-a88d-c2bc6178694d	50.845547	-1.099429	707.1						2009-12-06T00:00:00	6	12	2009	4354941	4354941	HUMAN_OBSERVATION	Marine Biological Association	1		556	John Bishop		https://creativecommons.org/licenses/by/4.0/legalcode		Wood, C. Chris			2022-03-28T20:47:30.996Z		FOOTPRINT_WKT_INVALID
2936636278	c6951371-fbed-41b6-a1dc-dbbd1d2723d9	442808891	Animalia	Chordata	Ascidiacea	Stolidobranchia	Styelidae	Botrylloides	Botrylloides violaceus		SPECIES	Botrylloides violaceus Oka, 1927	Botrylloides violaceus	Oka, 1927	GB		England	ABSENT		f6b48504-1651-4a49-a88d-c2bc6178694d	51.116996	1.306387	707.1						2009-10-06T00:00:00	6	10	2009	4354941	4354941	HUMAN_OBSERVATION	Marine Biological Association	1		566	John Bishop		https://creativecommons.org/licenses/by/4.0/legalcode		Wood, C. Chris			2022-03-28T20:47:30.971Z		FOOTPRINT_WKT_INVALID
2936636178	c6951371-fbed-41b6-a1dc-dbbd1d2723d9	442808870	Animalia	Chordata	Ascidiacea	Stolidobranchia	Styelidae	Botrylloides	Botrylloides violaceus		SPECIES	Botrylloides violaceus Oka, 1927	Botrylloides violaceus	Oka, 1927	GB		England	PRESENT		f6b48504-1651-4a49-a88d-c2bc6178694d	50.714129	-1.980118	707.1						2006-02-24T00:00:00	24	2	2006	4354941	4354941	HUMAN_OBSERVATION	Marine Biological Association	1		545	John Bishop		https://creativecommons.org/licenses/by/4.0/legalcode		Wood, C. Chris			2022-03-28T20:47:30.909Z		FOOTPRINT_WKT_INVALID
2936636107	c6951371-fbed-41b6-a1dc-dbbd1d2723d9	442808887	Animalia	Chordata	Ascidiacea	Stolidobranchia	Styelidae	Botrylloides	Botrylloides violaceus		SPECIES	Botrylloides violaceus Oka, 1927	Botrylloides violaceus	Oka, 1927	GB		England	PRESENT		f6b48504-1651-4a49-a88d-c2bc6178694d	50.826661	-0.233669	707.1						2009-10-07T00:00:00	7	10	2009	4354941	4354941	HUMAN_OBSERVATION	Marine Biological Association	1		562	John Bishop		https://creativecommons.org/licenses/by/4.0/legalcode		Wood, C. Chris			2022-03-28T20:47:30.899Z		FOOTPRINT_WKT_INVALID
2936636056	c6951371-fbed-41b6-a1dc-dbbd1d2723d9	442808874	Animalia	Chordata	Ascidiacea	Stolidobranchia	Styelidae	Botrylloides	Botrylloides violaceus		SPECIES	Botrylloides violaceus Oka, 1927	Botrylloides violaceus	Oka, 1927	GB		England	PRESENT		f6b48504-1651-4a49-a88d-c2bc6178694d	50.749141	-1.526519	707.1						2009-10-08T00:00:00	8	10	2009	4354941	4354941	HUMAN_OBSERVATION	Marine Biological Association	1		549	John Bishop		https://creativecommons.org/licenses/by/4.0/legalcode		Wood, C. Chris			2022-03-28T20:47:30.894Z		FOOTPRINT_WKT_INVALID
2936635963	c6951371-fbed-41b6-a1dc-dbbd1d2723d9	442808894	Animalia	Chordata	Ascidiacea	Stolidobranchia	Styelidae	Botrylloides	Botrylloides violaceus		SPECIES	Botrylloides violaceus Oka, 1927	Botrylloides violaceus	Oka, 1927	GB		England	PRESENT		f6b48504-1651-4a49-a88d-c2bc6178694d	51.40606	0.536267	707.1						2009-10-05T00:00:00	5	10	2009	4354941	4354941	HUMAN_OBSERVATION	Marine Biological Association	1		569	John Bishop		https://creativecommons.org/licenses/by/4.0/legalcode		Wood, C. Chris			2022-03-28T20:47:30.884Z		FOOTPRINT_WKT_INVALID
2936635919	c6951371-fbed-41b6-a1dc-dbbd1d2723d9	442808879	Animalia	Chordata	Ascidiacea	Stolidobranchia	Styelidae	Botrylloides	Botrylloides violaceus		SPECIES	Botrylloides violaceus Oka, 1927	Botrylloides violaceus	Oka, 1927	GB		England	PRESENT		f6b48504-1651-4a49-a88d-c2bc6178694d	50.855988	-1.312334	707.1						2009-10-08T00:00:00	8	10	2009	4354941	4354941	HUMAN_OBSERVATION	Marine Biological Association	1		554	John Bishop		https://creativecommons.org/licenses/by/4.0/legalcode		Wood, C. Chris			2022-03-28T20:47:30.879Z		FOOTPRINT_WKT_INVALID
2936635876	c6951371-fbed-41b6-a1dc-dbbd1d2723d9	442808884	Animalia	Chordata	Ascidiacea	Stolidobranchia	Styelidae	Botrylloides	Botrylloides violaceus		SPECIES	Botrylloides violaceus Oka, 1927	Botrylloides violaceus	Oka, 1927	GB		England	PRESENT		f6b48504-1651-4a49-a88d-c2bc6178694d	50.79103	-1.029539	707.1						2011-06-17T00:00:00	17	6	2011	4354941	4354941	HUMAN_OBSERVATION	Marine Biological Association	1		559	John Bishop		https://creativecommons.org/licenses/by/4.0/legalcode		Wood, C. Chris			2022-03-28T20:47:30.879Z		FOOTPRINT_WKT_INVALID
2936635862	c6951371-fbed-41b6-a1dc-dbbd1d2723d9	442808873	Animalia	Chordata	Ascidiacea	Stolidobranchia	Styelidae	Botrylloides	Botrylloides violaceus		SPECIES	Botrylloides violaceus Oka, 1927	Botrylloides violaceus	Oka, 1927	GB		England	PRESENT		f6b48504-1651-4a49-a88d-c2bc6178694d	50.714129	-1.980118	707.1						2011-06-21T00:00:00	21	6	2011	4354941	4354941	HUMAN_OBSERVATION	Marine Biological Association	1		548	John Bishop		https://creativecommons.org/licenses/by/4.0/legalcode		Wood, C. Chris			2022-03-28T20:47:30.829Z		FOOTPRINT_WKT_INVALID
2936635854	c6951371-fbed-41b6-a1dc-dbbd1d2723d9	442808877	Animalia	Chordata	Ascidiacea	Stolidobranchia	Styelidae	Botrylloides	Botrylloides violaceus		SPECIES	Botrylloides violaceus Oka, 1927	Botrylloides violaceus	Oka, 1927	GB		England	PRESENT		f6b48504-1651-4a49-a88d-c2bc6178694d	50.892426	-1.397107	707.1						2011-06-19T00:00:00	19	6	2011	4354941	4354941	HUMAN_OBSERVATION	Marine Biological Association	1		552	John Bishop		https://creativecommons.org/licenses/by/4.0/legalcode		Wood, C. Chris			2022-03-28T20:47:30.828Z		FOOTPRINT_WKT_INVALID
2936635833	c6951371-fbed-41b6-a1dc-dbbd1d2723d9	442808899	Animalia	Chordata	Ascidiacea	Stolidobranchia	Styelidae	Botrylloides	Botrylloides violaceus		SPECIES	Botrylloides violaceus Oka, 1927	Botrylloides violaceus	Oka, 1927	GB		England	ABSENT		f6b48504-1651-4a49-a88d-c2bc6178694d	52.954683	0.849314	707.1						2009-11-18T00:00:00	18	11	2009	4354941	4354941	HUMAN_OBSERVATION	Marine Biological Association	1		574	John Bishop		https://creativecommons.org/licenses/by/4.0/legalcode		Wood, C. Chris			2022-03-28T20:47:30.825Z		FOOTPRINT_WKT_INVALID
2936635717	c6951371-fbed-41b6-a1dc-dbbd1d2723d9	442808888	Animalia	Chordata	Ascidiacea	Stolidobranchia	Styelidae	Botrylloides	Botrylloides violaceus		SPECIES	Botrylloides violaceus Oka, 1927	Botrylloides violaceus	Oka, 1927	GB		England	PRESENT		f6b48504-1651-4a49-a88d-c2bc6178694d	50.826661	-0.233669	707.1						2011-06-16T00:00:00	16	6	2011	4354941	4354941	HUMAN_OBSERVATION	Marine Biological Association	1		563	John Bishop		https://creativecommons.org/licenses/by/4.0/legalcode		Wood, C. Chris			2022-03-28T20:47:30.814Z		FOOTPRINT_WKT_INVALID
2936635702	c6951371-fbed-41b6-a1dc-dbbd1d2723d9	442808878	Animalia	Chordata	Ascidiacea	Stolidobranchia	Styelidae	Botrylloides	Botrylloides violaceus		SPECIES	Botrylloides violaceus Oka, 1927	Botrylloides violaceus	Oka, 1927	GB		England	PRESENT		f6b48504-1651-4a49-a88d-c2bc6178694d	50.855988	-1.312334	707.1						2004-09-03T00:00:00	3	9	2004	4354941	4354941	HUMAN_OBSERVATION	Marine Biological Association	1		553	John Bishop		https://creativecommons.org/licenses/by/4.0/legalcode		Wood, C. Chris			2022-03-28T20:47:30.812Z		FOOTPRINT_WKT_INVALID
2936635698	c6951371-fbed-41b6-a1dc-dbbd1d2723d9	442808896	Animalia	Chordata	Ascidiacea	Stolidobranchia	Styelidae	Botrylloides	Botrylloides violaceus		SPECIES	Botrylloides violaceus Oka, 1927	Botrylloides violaceus	Oka, 1927	GB		England	PRESENT		f6b48504-1651-4a49-a88d-c2bc6178694d	51.758702	0.845828	707.1						2009-11-19T00:00:00	19	11	2009	4354941	4354941	HUMAN_OBSERVATION	Marine Biological Association	1		571	John Bishop		https://creativecommons.org/licenses/by/4.0/legalcode		Wood, C. Chris			2022-03-28T20:47:30.813Z		FOOTPRINT_WKT_INVALID
2936635681	c6951371-fbed-41b6-a1dc-dbbd1d2723d9	442808869	Animalia	Chordata	Ascidiacea	Stolidobranchia	Styelidae	Botrylloides	Botrylloides violaceus		SPECIES	Botrylloides violaceus Oka, 1927	Botrylloides violaceus	Oka, 1927	GB		England	PRESENT		f6b48504-1651-4a49-a88d-c2bc6178694d	50.714129	-1.980118	707.1						2004-09-04T00:00:00	4	9	2004	4354941	4354941	HUMAN_OBSERVATION	Marine Biological Association	1		544	John Bishop		https://creativecommons.org/licenses/by/4.0/legalcode		Wood, C. Chris			2022-03-28T20:47:30.810Z		FOOTPRINT_WKT_INVALID
2936635595	c6951371-fbed-41b6-a1dc-dbbd1d2723d9	442808897	Animalia	Chordata	Ascidiacea	Stolidobranchia	Styelidae	Botrylloides	Botrylloides violaceus		SPECIES	Botrylloides violaceus Oka, 1927	Botrylloides violaceus	Oka, 1927	GB		England	PRESENT		f6b48504-1651-4a49-a88d-c2bc6178694d	51.999526	1.269072	707.1						2009-11-19T00:00:00	19	11	2009	4354941	4354941	HUMAN_OBSERVATION	Marine Biological Association	1		572	John Bishop		https://creativecommons.org/licenses/by/4.0/legalcode		Wood, C. Chris			2022-03-28T20:47:30.802Z		FOOTPRINT_WKT_INVALID
2936635589	c6951371-fbed-41b6-a1dc-dbbd1d2723d9	442808900	Animalia	Chordata	Ascidiacea	Stolidobranchia	Styelidae	Botrylloides	Botrylloides violaceus		SPECIES	Botrylloides violaceus Oka, 1927	Botrylloides violaceus	Oka, 1927	GB		England	ABSENT		f6b48504-1651-4a49-a88d-c2bc6178694d	53.741391	-0.341239	707.1						2009-11-17T00:00:00	17	11	2009	4354941	4354941	HUMAN_OBSERVATION	Marine Biological Association	1		575	John Bishop		https://creativecommons.org/licenses/by/4.0/legalcode		Wood, C. Chris			2022-03-28T20:47:30.802Z		FOOTPRINT_WKT_INVALID
2936635540	c6951371-fbed-41b6-a1dc-dbbd1d2723d9	442808882	Animalia	Chordata	Ascidiacea	Stolidobranchia	Styelidae	Botrylloides	Botrylloides violaceus		SPECIES	Botrylloides violaceus Oka, 1927	Botrylloides violaceus	Oka, 1927	GB		England	ABSENT		f6b48504-1651-4a49-a88d-c2bc6178694d	50.79103	-1.029539	707.1						2004-09-02T00:00:00	2	9	2004	4354941	4354941	HUMAN_OBSERVATION	Marine Biological Association	1		557	John Bishop		https://creativecommons.org/licenses/by/4.0/legalcode		Wood, C. Chris			2022-03-28T20:47:30.800Z		FOOTPRINT_WKT_INVALID
2936635481	c6951371-fbed-41b6-a1dc-dbbd1d2723d9	442808883	Animalia	Chordata	Ascidiacea	Stolidobranchia	Styelidae	Botrylloides	Botrylloides violaceus		SPECIES	Botrylloides violaceus Oka, 1927	Botrylloides violaceus	Oka, 1927	GB		England	PRESENT		f6b48504-1651-4a49-a88d-c2bc6178694d	50.79103	-1.029539	707.1						2009-10-07T00:00:00	7	10	2009	4354941	4354941	HUMAN_OBSERVATION	Marine Biological Association	1		558	John Bishop		https://creativecommons.org/licenses/by/4.0/legalcode		Wood, C. Chris			2022-03-28T20:47:30.734Z		FOOTPRINT_WKT_INVALID
2936635476	c6951371-fbed-41b6-a1dc-dbbd1d2723d9	442808871	Animalia	Chordata	Ascidiacea	Stolidobranchia	Styelidae	Botrylloides	Botrylloides violaceus		SPECIES	Botrylloides violaceus Oka, 1927	Botrylloides violaceus	Oka, 1927	GB		England	PRESENT		f6b48504-1651-4a49-a88d-c2bc6178694d	50.714129	-1.980118	707.1						2006-07-11T00:00:00	11	7	2006	4354941	4354941	HUMAN_OBSERVATION	Marine Biological Association	1		546	John Bishop		https://creativecommons.org/licenses/by/4.0/legalcode		Wood, C. Chris			2022-03-28T20:47:30.734Z		FOOTPRINT_WKT_INVALID
2936635401	c6951371-fbed-41b6-a1dc-dbbd1d2723d9	442808886	Animalia	Chordata	Ascidiacea	Stolidobranchia	Styelidae	Botrylloides	Botrylloides violaceus		SPECIES	Botrylloides violaceus Oka, 1927	Botrylloides violaceus	Oka, 1927	GB		England	PRESENT		f6b48504-1651-4a49-a88d-c2bc6178694d	50.826661	-0.233669	707.1						2005-07-26T00:00:00	26	7	2005	4354941	4354941	HUMAN_OBSERVATION	Marine Biological Association	1		561	John Bishop		https://creativecommons.org/licenses/by/4.0/legalcode		Wood, C. Chris			2022-03-28T20:47:30.732Z		FOOTPRINT_WKT_INVALID
2936635200	c6951371-fbed-41b6-a1dc-dbbd1d2723d9	442808893	Animalia	Chordata	Ascidiacea	Stolidobranchia	Styelidae	Botrylloides	Botrylloides violaceus		SPECIES	Botrylloides violaceus Oka, 1927	Botrylloides violaceus	Oka, 1927	GB		England	ABSENT		f6b48504-1651-4a49-a88d-c2bc6178694d	51.396452	0.564489	707.1						2009-10-05T00:00:00	5	10	2009	4354941	4354941	HUMAN_OBSERVATION	Marine Biological Association	1		568	John Bishop		https://creativecommons.org/licenses/by/4.0/legalcode		Wood, C. Chris			2022-03-28T20:47:30.657Z		FOOTPRINT_WKT_INVALID
2936635140	c6951371-fbed-41b6-a1dc-dbbd1d2723d9	442808902	Animalia	Chordata	Ascidiacea	Stolidobranchia	Styelidae	Botrylloides	Botrylloides violaceus		SPECIES	Botrylloides violaceus Oka, 1927	Botrylloides violaceus	Oka, 1927	GB		England	ABSENT		f6b48504-1651-4a49-a88d-c2bc6178694d	54.693912	-1.202522	707.1						2012-05-15T00:00:00	15	5	2012	4354941	4354941	HUMAN_OBSERVATION	Marine Biological Association	1		577	John Bishop		https://creativecommons.org/licenses/by/4.0/legalcode		Wood, C. Chris			2022-03-28T20:47:30.651Z		FOOTPRINT_WKT_INVALID
2936635133	c6951371-fbed-41b6-a1dc-dbbd1d2723d9	442808895	Animalia	Chordata	Ascidiacea	Stolidobranchia	Styelidae	Botrylloides	Botrylloides violaceus		SPECIES	Botrylloides violaceus Oka, 1927	Botrylloides violaceus	Oka, 1927	GB		England	PRESENT		f6b48504-1651-4a49-a88d-c2bc6178694d	51.624695	0.808531	707.1						2009-11-20T00:00:00	20	11	2009	4354941	4354941	HUMAN_OBSERVATION	Marine Biological Association	1		570	John Bishop		https://creativecommons.org/licenses/by/4.0/legalcode		Wood, C. Chris			2022-03-28T20:47:30.652Z		FOOTPRINT_WKT_INVALID
2936635097	c6951371-fbed-41b6-a1dc-dbbd1d2723d9	442808889	Animalia	Chordata	Ascidiacea	Stolidobranchia	Styelidae	Botrylloides	Botrylloides violaceus		SPECIES	Botrylloides violaceus Oka, 1927	Botrylloides violaceus	Oka, 1927	GB		England	ABSENT		f6b48504-1651-4a49-a88d-c2bc6178694d	50.806451	-0.092499	707.1						2004-09-01T00:00:00	1	9	2004	4354941	4354941	HUMAN_OBSERVATION	Marine Biological Association	1		564	John Bishop		https://creativecommons.org/licenses/by/4.0/legalcode		Wood, C. Chris			2022-03-28T20:47:30.647Z		FOOTPRINT_WKT_INVALID
2936635085	c6951371-fbed-41b6-a1dc-dbbd1d2723d9	442808903	Animalia	Chordata	Ascidiacea	Stolidobranchia	Styelidae	Botrylloides	Botrylloides violaceus		SPECIES	Botrylloides violaceus Oka, 1927	Botrylloides violaceus	Oka, 1927	GB		England	ABSENT		f6b48504-1651-4a49-a88d-c2bc6178694d	54.919562	-1.369683	707.1						2012-05-15T00:00:00	15	5	2012	4354941	4354941	HUMAN_OBSERVATION	Marine Biological Association	1		578	John Bishop		https://creativecommons.org/licenses/by/4.0/legalcode		Wood, C. Chris			2022-03-28T20:47:30.645Z		FOOTPRINT_WKT_INVALID
2936635003	c6951371-fbed-41b6-a1dc-dbbd1d2723d9	442808872	Animalia	Chordata	Ascidiacea	Stolidobranchia	Styelidae	Botrylloides	Botrylloides violaceus		SPECIES	Botrylloides violaceus Oka, 1927	Botrylloides violaceus	Oka, 1927	GB		England	PRESENT		f6b48504-1651-4a49-a88d-c2bc6178694d	50.714129	-1.980118	707.1						2009-10-09T00:00:00	9	10	2009	4354941	4354941	HUMAN_OBSERVATION	Marine Biological Association	1		547	John Bishop		https://creativecommons.org/licenses/by/4.0/legalcode		Wood, C. Chris			2022-03-28T20:47:30.638Z		FOOTPRINT_WKT_INVALID
2936634868	c6951371-fbed-41b6-a1dc-dbbd1d2723d9	442808885	Animalia	Chordata	Ascidiacea	Stolidobranchia	Styelidae	Botrylloides	Botrylloides violaceus		SPECIES	Botrylloides violaceus Oka, 1927	Botrylloides violaceus	Oka, 1927	GB		England	PRESENT		f6b48504-1651-4a49-a88d-c2bc6178694d	50.79103	-1.029539	707.1						2012-06-18T00:00:00	18	6	2012	4354941	4354941	HUMAN_OBSERVATION	Marine Biological Association	1		560	John Bishop		https://creativecommons.org/licenses/by/4.0/legalcode		Wood, C. Chris			2022-03-28T20:47:30.626Z		FOOTPRINT_WKT_INVALID
2936634845	c6951371-fbed-41b6-a1dc-dbbd1d2723d9	442808904	Animalia	Chordata	Ascidiacea	Stolidobranchia	Styelidae	Botrylloides	Botrylloides violaceus		SPECIES	Botrylloides violaceus Oka, 1927	Botrylloides violaceus	Oka, 1927	GB		England	ABSENT		f6b48504-1651-4a49-a88d-c2bc6178694d	54.991828	-1.446698	707.1						2012-05-15T00:00:00	15	5	2012	4354941	4354941	HUMAN_OBSERVATION	Marine Biological Association	1		579	John Bishop		https://creativecommons.org/licenses/by/4.0/legalcode		Wood, C. Chris			2022-03-28T20:47:30.620Z		FOOTPRINT_WKT_INVALID
2936634737	c6951371-fbed-41b6-a1dc-dbbd1d2723d9	442808880	Animalia	Chordata	Ascidiacea	Stolidobranchia	Styelidae	Botrylloides	Botrylloides violaceus		SPECIES	Botrylloides violaceus Oka, 1927	Botrylloides violaceus	Oka, 1927	GB		England	PRESENT		f6b48504-1651-4a49-a88d-c2bc6178694d	50.855988	-1.312334	707.1						2011-06-18T00:00:00	18	6	2011	4354941	4354941	HUMAN_OBSERVATION	Marine Biological Association	1		555	John Bishop		https://creativecommons.org/licenses/by/4.0/legalcode		Wood, C. Chris			2022-03-28T20:47:30.557Z		FOOTPRINT_WKT_INVALID
2936634736	c6951371-fbed-41b6-a1dc-dbbd1d2723d9	442808890	Animalia	Chordata	Ascidiacea	Stolidobranchia	Styelidae	Botrylloides	Botrylloides violaceus		SPECIES	Botrylloides violaceus Oka, 1927	Botrylloides violaceus	Oka, 1927	GB		England	PRESENT		f6b48504-1651-4a49-a88d-c2bc6178694d	50.806451	-0.092499	707.1						2011-06-16T00:00:00	16	6	2011	4354941	4354941	HUMAN_OBSERVATION	Marine Biological Association	1		565	John Bishop		https://creativecommons.org/licenses/by/4.0/legalcode		Wood, C. Chris			2022-03-28T20:47:30.557Z		FOOTPRINT_WKT_INVALID
2936634595	c6951371-fbed-41b6-a1dc-dbbd1d2723d9	442808876	Animalia	Chordata	Ascidiacea	Stolidobranchia	Styelidae	Botrylloides	Botrylloides violaceus		SPECIES	Botrylloides violaceus Oka, 1927	Botrylloides violaceus	Oka, 1927	GB		England	PRESENT		f6b48504-1651-4a49-a88d-c2bc6178694d	50.892426	-1.397107	707.1						2009-12-03T00:00:00	3	12	2009	4354941	4354941	HUMAN_OBSERVATION	Marine Biological Association	1		551	John Bishop		https://creativecommons.org/licenses/by/4.0/legalcode		Wood, C. Chris			2022-03-28T20:47:30.547Z		FOOTPRINT_WKT_INVALID
2936634505	c6951371-fbed-41b6-a1dc-dbbd1d2723d9	442808898	Animalia	Chordata	Ascidiacea	Stolidobranchia	Styelidae	Botrylloides	Botrylloides violaceus		SPECIES	Botrylloides violaceus Oka, 1927	Botrylloides violaceus	Oka, 1927	GB		England	PRESENT		f6b48504-1651-4a49-a88d-c2bc6178694d	52.47198	1.716402	707.1						2009-11-18T00:00:00	18	11	2009	4354941	4354941	HUMAN_OBSERVATION	Marine Biological Association	1		573	John Bishop		https://creativecommons.org/licenses/by/4.0/legalcode		Wood, C. Chris			2022-03-28T20:47:30.541Z		FOOTPRINT_WKT_INVALID
2926171778	fae37d1f-5b7a-4fe2-8cfa-8948aefbcac2	554233322	Animalia	Chordata	Ascidiacea	Stolidobranchia	Styelidae	Botrylloides	Botrylloides violaceus		SPECIES	Botrylloides violaceus Oka, 1927	Botrylloides violaceus	Oka, 1927	GB	RAS 2014	England	PRESENT		598eb93d-a844-4289-8adb-0f8583dac91e	50.710982	-1.982244	70.7						2014-09-26T00:00:00	26	9	2014	4354941	4354941	HUMAN_OBSERVATION	Natural England	MRNE017200000002		T-MRNE01720000049C			CC_BY_4_0		Bishop, J. John			2022-03-28T20:52:54.488Z		FOOTPRINT_WKT_INVALID;INDIVIDUAL_COUNT_INVALID
2925938776	fae37d1f-5b7a-4fe2-8cfa-8948aefbcac2	554232957	Animalia	Chordata	Ascidiacea	Stolidobranchia	Styelidae	Botrylloides	Botrylloides violaceus		SPECIES	Botrylloides violaceus Oka, 1927	Botrylloides violaceus	Oka, 1927	GB	RAS 2014	England	PRESENT		598eb93d-a844-4289-8adb-0f8583dac91e	50.895533	-1.389246	70.7						2014-09-25T00:00:00	25	9	2014	4354941	4354941	HUMAN_OBSERVATION	Natural England	MRNE017200000002		T-MRNE017200000568			CC_BY_4_0		Bishop, J. John			2022-03-28T20:52:53.312Z		FOOTPRINT_WKT_INVALID;INDIVIDUAL_COUNT_INVALID
2925753198	fae37d1f-5b7a-4fe2-8cfa-8948aefbcac2	554233378	Animalia	Chordata	Ascidiacea	Stolidobranchia	Styelidae	Botrylloides	Botrylloides violaceus		SPECIES	Botrylloides violaceus Oka, 1927	Botrylloides violaceus	Oka, 1927	GB	RAS 2014	England	PRESENT		598eb93d-a844-4289-8adb-0f8583dac91e	50.79061	-1.033094	70.7						2014-08-07T00:00:00	7	8	2014	4354941	4354941	HUMAN_OBSERVATION	Natural England	MRNE017200000002		T-MRNE017200000706			CC_BY_4_0		Bishop, J. John			2022-03-28T20:52:53.158Z		FOOTPRINT_WKT_INVALID;INDIVIDUAL_COUNT_INVALID
2925569263	fae37d1f-5b7a-4fe2-8cfa-8948aefbcac2	554233043	Animalia	Chordata	Ascidiacea	Stolidobranchia	Styelidae	Botrylloides	Botrylloides violaceus		SPECIES	Botrylloides violaceus Oka, 1927	Botrylloides violaceus	Oka, 1927	GB	RAS 2014	England	PRESENT		598eb93d-a844-4289-8adb-0f8583dac91e	51.330918	1.421557	70.7						2014-08-05T00:00:00	5	8	2014	4354941	4354941	HUMAN_OBSERVATION	Natural England	MRNE017200000002		T-MRNE017200000838			CC_BY_4_0		Bishop, J. John			2022-03-28T20:52:52.412Z		FOOTPRINT_WKT_INVALID;INDIVIDUAL_COUNT_INVALID
2924943074	fae37d1f-5b7a-4fe2-8cfa-8948aefbcac2	554232702	Animalia	Chordata	Ascidiacea	Stolidobranchia	Styelidae	Botrylloides	Botrylloides violaceus		SPECIES	Botrylloides violaceus Oka, 1927	Botrylloides violaceus	Oka, 1927	GB	RAS 2014	England	PRESENT		598eb93d-a844-4289-8adb-0f8583dac91e	50.830695	-0.232807	70.7						2014-08-07T00:00:00	7	8	2014	4354941	4354941	HUMAN_OBSERVATION	Natural England	MRNE017200000002		T-MRNE017200000738			CC_BY_4_0		Bishop, J. John			2022-03-28T20:52:49.694Z		FOOTPRINT_WKT_INVALID;INDIVIDUAL_COUNT_INVALID
2924506516	fae37d1f-5b7a-4fe2-8cfa-8948aefbcac2	554233193	Animalia	Chordata	Ascidiacea	Stolidobranchia	Styelidae	Botrylloides	Botrylloides violaceus		SPECIES	Botrylloides violaceus Oka, 1927	Botrylloides violaceus	Oka, 1927	GB	RAS 2014	England	PRESENT		598eb93d-a844-4289-8adb-0f8583dac91e	51.118202	1.311475	70.7						2014-08-06T00:00:00	6	8	2014	4354941	4354941	HUMAN_OBSERVATION	Natural England	MRNE017200000002		T-MRNE017200000804			CC_BY_4_0		Bishop, J. John			2022-03-28T20:52:47.832Z		FOOTPRINT_WKT_INVALID;INDIVIDUAL_COUNT_INVALID
2858036395	9a0b66df-7535-4f28-9f4e-5bc11b8b096c	Natuurpunt:Waarnemingen:195671353	Animalia	Chordata	Ascidiacea	Stolidobranchia	Styelidae	Botrylloides	Botrylloides violaceus		SPECIES	Botrylloides violaceus Oka, 1927	Botrylloides violaceus	Oka, 1927	BE		West Flanders	PRESENT	1	4d3ceea8-5699-439d-a899-decac9cbbdac	51.31714	3.19669	7.0						2020-07-03T00:00:00	3	7	2020	4354941	4354941	HUMAN_OBSERVATION	Natuurpunt	waarnemingen.be					CC_BY_NC_4_0	Natuurpunt Studie				2022-04-08T13:01:30.024Z		OCCURRENCE_STATUS_INFERRED_FROM_INDIVIDUAL_COUNT
2844748869	8a863029-f435-446a-821e-275f4f641165	https://observation.org/observation/179260095	Animalia	Chordata	Ascidiacea	Stolidobranchia	Styelidae	Botrylloides	Botrylloides violaceus		SPECIES	Botrylloides violaceus Oka, 1927	Botrylloides violaceus		NL	Kamperland - Bungalowpark Schotsman e.o.	Zeeland	PRESENT	1	c8d737e0-2ff8-42e8-b8fc-6b805d26fc5f	51.55	3.65	5000.0						2019-09-08T00:00:00	8	9	2019	4354941	4354941	HUMAN_OBSERVATION		Observations	OBS.179260095				CC_BY_NC_4_0	Stichting Observation International				2022-03-24T21:49:17.376Z	StillImage	OCCURRENCE_STATUS_INFERRED_FROM_INDIVIDUAL_COUNT
2843327780	8a863029-f435-446a-821e-275f4f641165	https://observation.org/observation/136225756	Animalia	Chordata	Ascidiacea	Stolidobranchia	Styelidae	Botrylloides	Botrylloides violaceus		SPECIES	Botrylloides violaceus Oka, 1927	Botrylloides violaceus		NL	Oosterscheldekering - Strandje Topshuis 	Zeeland	PRESENT	1	c8d737e0-2ff8-42e8-b8fc-6b805d26fc5f	51.6	3.7	5000.0						2017-04-01T00:00:00	1	4	2017	4354941	4354941	HUMAN_OBSERVATION		Observations	OBS.136225756				CC_BY_NC_4_0	Stichting Observation International				2022-03-24T19:51:13.044Z	StillImage	OCCURRENCE_STATUS_INFERRED_FROM_INDIVIDUAL_COUNT
2842494635	8a863029-f435-446a-821e-275f4f641165	https://observation.org/observation/136294127	Animalia	Chordata	Ascidiacea	Stolidobranchia	Styelidae	Botrylloides	Botrylloides violaceus		SPECIES	Botrylloides violaceus Oka, 1927	Botrylloides violaceus		NL	Oosterscheldekering - Strandje Topshuis 	Zeeland	PRESENT	3	c8d737e0-2ff8-42e8-b8fc-6b805d26fc5f	51.6	3.7	5000.0						2017-04-01T00:00:00	1	4	2017	4354941	4354941	HUMAN_OBSERVATION		Observations	OBS.136294127				CC_BY_NC_4_0	Stichting Observation International				2022-03-24T19:51:11.468Z	StillImage	OCCURRENCE_STATUS_INFERRED_FROM_INDIVIDUAL_COUNT
2838428361	8a863029-f435-446a-821e-275f4f641165	https://observation.org/observation/175387019	Animalia	Chordata	Ascidiacea	Stolidobranchia	Styelidae	Botrylloides	Botrylloides violaceus		SPECIES	Botrylloides violaceus Oka, 1927	Botrylloides violaceus		NL	Grevelingen - Haven Bommenede	Zeeland	PRESENT	1	c8d737e0-2ff8-42e8-b8fc-6b805d26fc5f	51.7	3.95	5000.0						2019-06-28T00:00:00	28	6	2019	4354941	4354941	HUMAN_OBSERVATION		Observations	OBS.175387019				CC_BY_NC_4_0	Stichting Observation International				2022-03-24T21:47:59.594Z		OCCURRENCE_STATUS_INFERRED_FROM_INDIVIDUAL_COUNT
2565877912	9a0b66df-7535-4f28-9f4e-5bc11b8b096c	Natuurpunt:Waarnemingen:184716994	Animalia	Chordata	Ascidiacea	Stolidobranchia	Styelidae	Botrylloides	Botrylloides violaceus		SPECIES	Botrylloides violaceus Oka, 1927	Botrylloides violaceus	Oka, 1927	BE		West Flanders	PRESENT	1	4d3ceea8-5699-439d-a899-decac9cbbdac	51.33439	3.20535	7.0						2020-01-24T00:00:00	24	1	2020	4354941	4354941	HUMAN_OBSERVATION	Natuurpunt	waarnemingen.be					CC_BY_NC_4_0	Natuurpunt Studie				2022-04-08T13:03:11.323Z		OCCURRENCE_STATUS_INFERRED_FROM_INDIVIDUAL_COUNT
2274200711	9a0b66df-7535-4f28-9f4e-5bc11b8b096c	Natuurpunt:Waarnemingen:174492088	Animalia	Chordata	Ascidiacea	Stolidobranchia	Styelidae	Botrylloides	Botrylloides violaceus		SPECIES	Botrylloides violaceus Oka, 1927	Botrylloides violaceus	Oka, 1927	BE		West Flanders	PRESENT	1	4d3ceea8-5699-439d-a899-decac9cbbdac	51.33345	3.20146	100.0						2019-06-15T00:00:00	15	6	2019	4354941	4354941	HUMAN_OBSERVATION	Natuurpunt	waarnemingen.be					CC_BY_NC_4_0	Natuurpunt Studie				2022-04-08T13:03:10.558Z		OCCURRENCE_STATUS_INFERRED_FROM_INDIVIDUAL_COUNT
2274192705	9a0b66df-7535-4f28-9f4e-5bc11b8b096c	Natuurpunt:Waarnemingen:174457317	Animalia	Chordata	Ascidiacea	Stolidobranchia	Styelidae	Botrylloides	Botrylloides violaceus		SPECIES	Botrylloides violaceus Oka, 1927	Botrylloides violaceus	Oka, 1927	BE		West Flanders	PRESENT	1	4d3ceea8-5699-439d-a899-decac9cbbdac	51.33325	3.20228	7.0						2019-06-14T00:00:00	14	6	2019	4354941	4354941	HUMAN_OBSERVATION	Natuurpunt	waarnemingen.be					CC_BY_NC_4_0	Natuurpunt Studie				2022-04-08T13:03:05.837Z		OCCURRENCE_STATUS_INFERRED_FROM_INDIVIDUAL_COUNT
2235235469	9a0b66df-7535-4f28-9f4e-5bc11b8b096c	Natuurpunt:Waarnemingen:158606250	Animalia	Chordata	Ascidiacea	Stolidobranchia	Styelidae	Botrylloides	Botrylloides violaceus		SPECIES	Botrylloides violaceus Oka, 1927	Botrylloides violaceus	Oka, 1927	BE		West Flanders	PRESENT	51	4d3ceea8-5699-439d-a899-decac9cbbdac	51.33312	3.20239	50.0						2018-06-17T00:00:00	17	6	2018	4354941	4354941	HUMAN_OBSERVATION	Natuurpunt	waarnemingen.be					CC_BY_NC_4_0	Natuurpunt Studie				2022-04-08T13:01:24.194Z		OCCURRENCE_STATUS_INFERRED_FROM_INDIVIDUAL_COUNT
2235234685	9a0b66df-7535-4f28-9f4e-5bc11b8b096c	Natuurpunt:Waarnemingen:158509274	Animalia	Chordata	Ascidiacea	Stolidobranchia	Styelidae	Botrylloides	Botrylloides violaceus		SPECIES	Botrylloides violaceus Oka, 1927	Botrylloides violaceus	Oka, 1927	BE		West Flanders	PRESENT	11	4d3ceea8-5699-439d-a899-decac9cbbdac	51.3331	3.20219	50.0						2018-06-15T00:00:00	15	6	2018	4354941	4354941	HUMAN_OBSERVATION	Natuurpunt	waarnemingen.be					CC_BY_NC_4_0	Natuurpunt Studie				2022-04-08T13:03:09.191Z		OCCURRENCE_STATUS_INFERRED_FROM_INDIVIDUAL_COUNT
1976205990	8a863029-f435-446a-821e-275f4f641165	https://observation.org/observation/105723652	Animalia	Chordata	Ascidiacea	Stolidobranchia	Styelidae	Botrylloides	Botrylloides violaceus		SPECIES	Botrylloides violaceus Oka, 1927	Botrylloides violaceus		NL	Terschelling - West-Terschelling - Jachthaven	Friesland	PRESENT	70	c8d737e0-2ff8-42e8-b8fc-6b805d26fc5f	53.35	5.2	5000.0						2015-08-10T00:00:00	10	8	2015	4354941	4354941	HUMAN_OBSERVATION		Observations	OBS.105723652				CC_BY_NC_4_0	Stichting Observation International				2022-03-24T19:49:14.608Z		OCCURRENCE_STATUS_INFERRED_FROM_INDIVIDUAL_COUNT
1975237370	8a863029-f435-446a-821e-275f4f641165	https://observation.org/observation/113973477	Animalia	Chordata	Ascidiacea	Stolidobranchia	Styelidae	Botrylloides	Botrylloides violaceus		SPECIES	Botrylloides violaceus Oka, 1927	Botrylloides violaceus		NL	Grevelingen bij Den Osse	Zeeland	PRESENT	1	c8d737e0-2ff8-42e8-b8fc-6b805d26fc5f	51.7	3.85	5000.0						2015-12-27T00:00:00	27	12	2015	4354941	4354941	HUMAN_OBSERVATION		Observations	OBS.113973477				CC_BY_NC_4_0	Stichting Observation International				2022-03-24T21:35:34.235Z	StillImage	OCCURRENCE_STATUS_INFERRED_FROM_INDIVIDUAL_COUNT
1972681935	8a863029-f435-446a-821e-275f4f641165	https://observation.org/observation/123043855	Animalia	Chordata	Ascidiacea	Stolidobranchia	Styelidae	Botrylloides	Botrylloides violaceus		SPECIES	Botrylloides violaceus Oka, 1927	Botrylloides violaceus		NL	Burghsluis - Zeedijk en haven	Zeeland	PRESENT	1	c8d737e0-2ff8-42e8-b8fc-6b805d26fc5f	51.65	3.75	5000.0						2016-08-23T00:00:00	23	8	2016	4354941	4354941	HUMAN_OBSERVATION		Observations	OBS.123043855				CC_BY_NC_4_0	Stichting Observation International				2022-03-24T19:50:42.937Z		OCCURRENCE_STATUS_INFERRED_FROM_INDIVIDUAL_COUNT
1969040109	8a863029-f435-446a-821e-275f4f641165	https://observation.org/observation/143515860	Animalia	Chordata	Ascidiacea	Stolidobranchia	Styelidae	Botrylloides	Botrylloides violaceus		SPECIES	Botrylloides violaceus Oka, 1927	Botrylloides violaceus		NL	Oosterscheldekering - Strandje Topshuis 	Zeeland	PRESENT	1	c8d737e0-2ff8-42e8-b8fc-6b805d26fc5f	51.6	3.7	5000.0						2017-08-14T00:00:00	14	8	2017	4354941	4354941	HUMAN_OBSERVATION		Observations	OBS.143515860				CC_BY_NC_4_0	Stichting Observation International				2022-03-24T19:52:38.291Z	StillImage	OCCURRENCE_STATUS_INFERRED_FROM_INDIVIDUAL_COUNT
1968763753	8a863029-f435-446a-821e-275f4f641165	https://observation.org/observation/144626800	Animalia	Chordata	Ascidiacea	Stolidobranchia	Styelidae	Botrylloides	Botrylloides violaceus		SPECIES	Botrylloides violaceus Oka, 1927	Botrylloides violaceus		NL	Vlieland - Haven	Friesland	PRESENT	1	c8d737e0-2ff8-42e8-b8fc-6b805d26fc5f	53.25	5.05	5000.0						2017-09-30T00:00:00	30	9	2017	4354941	4354941	HUMAN_OBSERVATION		Observations	OBS.144626800				CC_BY_NC_4_0	Stichting Observation International				2022-03-24T21:38:49.384Z		OCCURRENCE_STATUS_INFERRED_FROM_INDIVIDUAL_COUNT
1968704833	8a863029-f435-446a-821e-275f4f641165	https://observation.org/observation/144881270	Animalia	Chordata	Ascidiacea	Stolidobranchia	Styelidae	Botrylloides	Botrylloides violaceus		SPECIES	Botrylloides violaceus Oka, 1927	Botrylloides violaceus		NL	Kamperland - Sophiahaven	Zeeland	PRESENT	11	c8d737e0-2ff8-42e8-b8fc-6b805d26fc5f	51.55	3.7	5000.0						2017-10-10T00:00:00	10	10	2017	4354941	4354941	HUMAN_OBSERVATION		Observations	OBS.144881270				CC_BY_NC_4_0	Stichting Observation International				2022-03-24T21:38:29.146Z		OCCURRENCE_STATUS_INFERRED_FROM_INDIVIDUAL_COUNT
1968697893	8a863029-f435-446a-821e-275f4f641165	https://observation.org/observation/144909958	Animalia	Chordata	Ascidiacea	Stolidobranchia	Styelidae	Botrylloides	Botrylloides violaceus		SPECIES	Botrylloides violaceus Oka, 1927	Botrylloides violaceus		NL	Veerse Meer - Oostwatering e.o.	Zeeland	PRESENT	11	c8d737e0-2ff8-42e8-b8fc-6b805d26fc5f	51.55	3.65	5000.0						2017-10-11T00:00:00	11	10	2017	4354941	4354941	HUMAN_OBSERVATION		Observations	OBS.144909958				CC_BY_NC_4_0	Stichting Observation International				2022-03-24T19:52:41.204Z		OCCURRENCE_STATUS_INFERRED_FROM_INDIVIDUAL_COUNT
1968069524	8a863029-f435-446a-821e-275f4f641165	https://observation.org/observation/147467731	Animalia	Chordata	Ascidiacea	Stolidobranchia	Styelidae	Botrylloides	Botrylloides violaceus		SPECIES	Botrylloides violaceus Oka, 1927	Botrylloides violaceus		NL	Grevelingen - Haven Bommenede	Zeeland	PRESENT	1	c8d737e0-2ff8-42e8-b8fc-6b805d26fc5f	51.7	3.95	5000.0						2018-01-08T00:00:00	8	1	2018	4354941	4354941	HUMAN_OBSERVATION		Observations	OBS.147467731				CC_BY_NC_4_0	Stichting Observation International				2022-03-24T19:53:45.737Z		OCCURRENCE_STATUS_INFERRED_FROM_INDIVIDUAL_COUNT
1963172418	8a863029-f435-446a-821e-275f4f641165	https://observation.org/observation/42325467	Animalia	Chordata	Ascidiacea	Stolidobranchia	Styelidae	Botrylloides	Botrylloides violaceus		SPECIES	Botrylloides violaceus Oka, 1927	Botrylloides violaceus		NL	Brouwersdam - Grevelingen - Haven Middelplaat e.o.	Zeeland	PRESENT	100	c8d737e0-2ff8-42e8-b8fc-6b805d26fc5f	51.75	3.8	5000.0						2009-03-01T00:00:00	1	3	2009	4354941	4354941	HUMAN_OBSERVATION		Observations	OBS.42325467				CC_BY_NC_4_0	Stichting Observation International				2022-03-24T19:45:19.344Z	StillImage	OCCURRENCE_STATUS_INFERRED_FROM_INDIVIDUAL_COUNT
1962506646	8a863029-f435-446a-821e-275f4f641165	https://observation.org/observation/44655965	Animalia	Chordata	Ascidiacea	Stolidobranchia	Styelidae	Botrylloides	Botrylloides violaceus		SPECIES	Botrylloides violaceus Oka, 1927	Botrylloides violaceus		NL	Yerseke - Zeedijk Breedsendijk	Zeeland	PRESENT	30	c8d737e0-2ff8-42e8-b8fc-6b805d26fc5f	51.5	4.0	5000.0						2009-09-19T00:00:00	19	9	2009	4354941	4354941	HUMAN_OBSERVATION		Observations	OBS.44655965				CC_BY_NC_4_0	Stichting Observation International				2022-03-24T21:32:23.136Z	StillImage	OCCURRENCE_STATUS_INFERRED_FROM_INDIVIDUAL_COUNT
1962484497	8a863029-f435-446a-821e-275f4f641165	https://observation.org/observation/44735178	Animalia	Chordata	Ascidiacea	Stolidobranchia	Styelidae	Botrylloides	Botrylloides violaceus		SPECIES	Botrylloides violaceus Oka, 1927	Botrylloides violaceus		NL	Yerseke - Zeedijk Breedsendijk	Zeeland	PRESENT	1	c8d737e0-2ff8-42e8-b8fc-6b805d26fc5f	51.5	4.0	5000.0						2009-09-25T00:00:00	25	9	2009	4354941	4354941	HUMAN_OBSERVATION		Observations	OBS.44735178				CC_BY_NC_4_0	Stichting Observation International				2022-03-24T19:45:20.114Z		OCCURRENCE_STATUS_INFERRED_FROM_INDIVIDUAL_COUNT
1962374115	8a863029-f435-446a-821e-275f4f641165	https://observation.org/observation/45237982	Animalia	Chordata	Ascidiacea	Stolidobranchia	Styelidae	Botrylloides	Botrylloides violaceus		SPECIES	Botrylloides violaceus Oka, 1927	Botrylloides violaceus		NL	Yerseke	Zeeland	PRESENT	1	c8d737e0-2ff8-42e8-b8fc-6b805d26fc5f	51.45	4.05	5000.0						2009-11-04T00:00:00	4	11	2009	4354941	4354941	HUMAN_OBSERVATION		Observations	OBS.45237982				CC_BY_NC_4_0	Stichting Observation International				2022-03-24T19:45:23.525Z		OCCURRENCE_STATUS_INFERRED_FROM_INDIVIDUAL_COUNT
1959965323	8a863029-f435-446a-821e-275f4f641165	https://observation.org/observation/54506951	Animalia	Chordata	Ascidiacea	Stolidobranchia	Styelidae	Botrylloides	Botrylloides violaceus		SPECIES	Botrylloides violaceus Oka, 1927	Botrylloides violaceus		NL	Grevelingen bij Den Osse	Zeeland	PRESENT	101	c8d737e0-2ff8-42e8-b8fc-6b805d26fc5f	51.7	3.85	5000.0						2011-03-30T00:00:00	30	3	2011	4354941	4354941	HUMAN_OBSERVATION		Observations	OBS.54506951				CC_BY_NC_4_0	Stichting Observation International				2022-03-24T19:45:42.493Z	StillImage	OCCURRENCE_STATUS_INFERRED_FROM_INDIVIDUAL_COUNT
1959494711	8a863029-f435-446a-821e-275f4f641165	https://observation.org/observation/56184937	Animalia	Chordata	Ascidiacea	Stolidobranchia	Styelidae	Botrylloides	Botrylloides violaceus		SPECIES	Botrylloides violaceus Oka, 1927	Botrylloides violaceus		NL	Bruinisse - Zeedijk Bruinissepolder	Zeeland	PRESENT	101	c8d737e0-2ff8-42e8-b8fc-6b805d26fc5f	51.6	4.05	5000.0						2011-06-30T00:00:00	30	6	2011	4354941	4354941	HUMAN_OBSERVATION		Observations	OBS.56184937				CC_BY_NC_4_0	Stichting Observation International				2022-03-24T19:46:07.488Z	StillImage	OCCURRENCE_STATUS_INFERRED_FROM_INDIVIDUAL_COUNT
1959479028	8a863029-f435-446a-821e-275f4f641165	https://observation.org/observation/56236824	Animalia	Chordata	Ascidiacea	Stolidobranchia	Styelidae	Botrylloides	Botrylloides violaceus		SPECIES	Botrylloides violaceus Oka, 1927	Botrylloides violaceus		NL	Burghsluis - Zeedijk en haven	Zeeland	PRESENT	10	c8d737e0-2ff8-42e8-b8fc-6b805d26fc5f	51.65	3.75	5000.0						2011-08-12T00:00:00	12	8	2011	4354941	4354941	HUMAN_OBSERVATION		Observations	OBS.56236824				CC_BY_NC_4_0	Stichting Observation International				2022-03-24T19:45:54.701Z		OCCURRENCE_STATUS_INFERRED_FROM_INDIVIDUAL_COUNT
1959356016	8a863029-f435-446a-821e-275f4f641165	https://observation.org/observation/56642029	Animalia	Chordata	Ascidiacea	Stolidobranchia	Styelidae	Botrylloides	Botrylloides violaceus		SPECIES	Botrylloides violaceus Oka, 1927	Botrylloides violaceus		NL	Texel - Haven Oudeschild	Noord-Holland	PRESENT	501	c8d737e0-2ff8-42e8-b8fc-6b805d26fc5f	53.0	4.85	5000.0						2011-09-02T00:00:00	2	9	2011	4354941	4354941	HUMAN_OBSERVATION		Observations	OBS.56642029				CC_BY_NC_4_0	Stichting Observation International				2022-03-24T19:45:57.772Z		OCCURRENCE_STATUS_INFERRED_FROM_INDIVIDUAL_COUNT
1959355445	8a863029-f435-446a-821e-275f4f641165	https://observation.org/observation/56645493	Animalia	Chordata	Ascidiacea	Stolidobranchia	Styelidae	Botrylloides	Botrylloides violaceus		SPECIES	Botrylloides violaceus Oka, 1927	Botrylloides violaceus		NL	Texel - Haven Oudeschild	Noord-Holland	PRESENT	501	c8d737e0-2ff8-42e8-b8fc-6b805d26fc5f	53.0	4.85	5000.0						2011-09-02T00:00:00	2	9	2011	4354941	4354941	HUMAN_OBSERVATION		Observations	OBS.56645493				CC_BY_NC_4_0	Stichting Observation International				2022-03-24T19:45:49.341Z		OCCURRENCE_STATUS_INFERRED_FROM_INDIVIDUAL_COUNT
1959048617	8a863029-f435-446a-821e-275f4f641165	https://observation.org/observation/61753282	Animalia	Chordata	Ascidiacea	Stolidobranchia	Styelidae	Botrylloides	Botrylloides violaceus		SPECIES	Botrylloides violaceus Oka, 1927	Botrylloides violaceus		NL	Burghsluis - Zeedijk en haven	Zeeland	PRESENT	101	c8d737e0-2ff8-42e8-b8fc-6b805d26fc5f	51.65	3.75	5000.0						2011-11-15T00:00:00	15	11	2011	4354941	4354941	HUMAN_OBSERVATION		Observations	OBS.61753282				CC_BY_NC_4_0	Stichting Observation International				2022-03-24T21:32:59.039Z		OCCURRENCE_STATUS_INFERRED_FROM_INDIVIDUAL_COUNT
1957340876	8a863029-f435-446a-821e-275f4f641165	https://observation.org/observation/70824483	Animalia	Chordata	Ascidiacea	Stolidobranchia	Styelidae	Botrylloides	Botrylloides violaceus		SPECIES	Botrylloides violaceus Oka, 1927	Botrylloides violaceus		NL	Scharendijke West	Zeeland	PRESENT	1	c8d737e0-2ff8-42e8-b8fc-6b805d26fc5f	51.7	3.8	5000.0						2012-08-24T00:00:00	24	8	2012	4354941	4354941	HUMAN_OBSERVATION		Observations	OBS.70824483				CC_BY_NC_4_0	Stichting Observation International				2022-03-24T19:46:19.189Z		OCCURRENCE_STATUS_INFERRED_FROM_INDIVIDUAL_COUNT
1957340709	8a863029-f435-446a-821e-275f4f641165	https://observation.org/observation/70824569	Animalia	Chordata	Ascidiacea	Stolidobranchia	Styelidae	Botrylloides	Botrylloides violaceus		SPECIES	Botrylloides violaceus Oka, 1927	Botrylloides violaceus		NL	Grevelingen bij Den Osse	Zeeland	PRESENT	1	c8d737e0-2ff8-42e8-b8fc-6b805d26fc5f	51.7	3.85	5000.0						2012-08-24T00:00:00	24	8	2012	4354941	4354941	HUMAN_OBSERVATION		Observations	OBS.70824569				CC_BY_NC_4_0	Stichting Observation International				2022-03-24T19:46:23.616Z		OCCURRENCE_STATUS_INFERRED_FROM_INDIVIDUAL_COUNT
1956973813	8a863029-f435-446a-821e-275f4f641165	https://observation.org/observation/72130417	Animalia	Chordata	Ascidiacea	Stolidobranchia	Styelidae	Botrylloides	Botrylloides violaceus		SPECIES	Botrylloides violaceus Oka, 1927	Botrylloides violaceus		NL	Plaat van Oude Tonge / Grevelingendam noord van N59	Zeeland	PRESENT	1	c8d737e0-2ff8-42e8-b8fc-6b805d26fc5f	51.65	4.05	5000.0						1979-09-12T00:00:00	12	9	1979	4354941	4354941	HUMAN_OBSERVATION		Observations	OBS.72130417				CC_BY_NC_4_0	Stichting Observation International				2022-03-24T19:46:34.198Z		OCCURRENCE_STATUS_INFERRED_FROM_INDIVIDUAL_COUNT
1953137753	8a863029-f435-446a-821e-275f4f641165	https://observation.org/observation/84742461	Animalia	Chordata	Ascidiacea	Stolidobranchia	Styelidae	Botrylloides	Botrylloides violaceus		SPECIES	Botrylloides violaceus Oka, 1927	Botrylloides violaceus		NL	Terschelling - West-Terschelling - Jachthaven	Friesland	PRESENT	1	c8d737e0-2ff8-42e8-b8fc-6b805d26fc5f	53.35	5.2	5000.0						2014-05-23T00:00:00	23	5	2014	4354941	4354941	HUMAN_OBSERVATION		Observations	OBS.84742461				CC_BY_NC_4_0	Stichting Observation International				2022-03-24T19:47:30.782Z		OCCURRENCE_STATUS_INFERRED_FROM_INDIVIDUAL_COUNT
1953129515	8a863029-f435-446a-821e-275f4f641165	https://observation.org/observation/84766754	Animalia	Chordata	Ascidiacea	Stolidobranchia	Styelidae	Botrylloides	Botrylloides violaceus		SPECIES	Botrylloides violaceus Oka, 1927	Botrylloides violaceus		NL	Terschelling - West-Terschelling - Jachthaven	Friesland	PRESENT	1	c8d737e0-2ff8-42e8-b8fc-6b805d26fc5f	53.35	5.2	5000.0						2014-05-23T00:00:00	23	5	2014	4354941	4354941	HUMAN_OBSERVATION		Observations	OBS.84766754				CC_BY_NC_4_0	Stichting Observation International				2022-03-24T19:47:38.689Z		OCCURRENCE_STATUS_INFERRED_FROM_INDIVIDUAL_COUNT
1952736673	8a863029-f435-446a-821e-275f4f641165	https://observation.org/observation/86107624	Animalia	Chordata	Ascidiacea	Stolidobranchia	Styelidae	Botrylloides	Botrylloides violaceus		SPECIES	Botrylloides violaceus Oka, 1927	Botrylloides violaceus		NL	Texel - NIOZ haven	Noord-Holland	PRESENT	1	c8d737e0-2ff8-42e8-b8fc-6b805d26fc5f	53.0	4.75	5000.0						2014-07-01T00:00:00	1	7	2014	4354941	4354941	HUMAN_OBSERVATION		Observations	OBS.86107624				CC_BY_NC_4_0	Stichting Observation International				2022-03-24T21:34:07.258Z		OCCURRENCE_STATUS_INFERRED_FROM_INDIVIDUAL_COUNT
1952679069	8a863029-f435-446a-821e-275f4f641165	https://observation.org/observation/86294605	Animalia	Chordata	Ascidiacea	Stolidobranchia	Styelidae	Botrylloides	Botrylloides violaceus		SPECIES	Botrylloides violaceus Oka, 1927	Botrylloides violaceus		NL	Zierikzee - Zeedijk Zuidhoek	Zeeland	PRESENT	10	c8d737e0-2ff8-42e8-b8fc-6b805d26fc5f	51.6	3.9	5000.0						2014-05-21T00:00:00	21	5	2014	4354941	4354941	HUMAN_OBSERVATION		Observations	OBS.86294605				CC_BY_NC_4_0	Stichting Observation International				2022-03-24T19:47:56.729Z	StillImage	OCCURRENCE_STATUS_INFERRED_FROM_INDIVIDUAL_COUNT
1952097314	8a863029-f435-446a-821e-275f4f641165	https://observation.org/observation/88153363	Animalia	Chordata	Ascidiacea	Stolidobranchia	Styelidae	Botrylloides	Botrylloides violaceus		SPECIES	Botrylloides violaceus Oka, 1927	Botrylloides violaceus		NL	Den Helder - TESO-Haven / Fort Harssens	Noord-Holland	PRESENT	10	c8d737e0-2ff8-42e8-b8fc-6b805d26fc5f	52.95	4.75	5000.0						2014-09-20T00:00:00	20	9	2014	4354941	4354941	HUMAN_OBSERVATION		Observations	OBS.88153363				CC_BY_NC_4_0	Stichting Observation International				2022-03-24T19:48:02.210Z	StillImage	OCCURRENCE_STATUS_INFERRED_FROM_INDIVIDUAL_COUNT
1571553444	66f6192f-6cc0-45fd-a2d1-e76f5ae3eab2	diveboard:365234_3033554_0	Animalia	Chordata	Ascidiacea	Stolidobranchia	Styelidae	Botrylloides	Botrylloides violaceus		SPECIES	Botrylloides violaceus Oka, 1927	Botrylloides violaceus		NL	Brouwersdam Blokkendam		PRESENT		1989b627-2a61-44db-83e4-392efc5da0a9	51.7773	3.86077	100.0		0.0	0.0	3.35	3.35	2017-06-22T11:21:00	22	6	2017	4354941	4354941	HUMAN_OBSERVATION	Diveboard	Diveboard	diveboard:365234_3033554_0		Niels Schrieken	2017-06-22T00:00:00	CC_BY_NC_4_0	Diveboard	Niels Schrieken			2022-04-05T15:08:00.124Z		COORDINATE_REPROJECTION_SUSPICIOUS
1570668505	9a0b66df-7535-4f28-9f4e-5bc11b8b096c	Natuurpunt:Waarnemingen:85477831	Animalia	Chordata	Ascidiacea	Stolidobranchia	Styelidae	Botrylloides	Botrylloides violaceus		SPECIES	Botrylloides violaceus Oka, 1927	Botrylloides violaceus	Oka, 1927	BE		West Flanders	PRESENT	1	4d3ceea8-5699-439d-a899-decac9cbbdac	51.33367	3.20357	100.0						2014-06-14T00:00:00	14	6	2014	4354941	4354941	HUMAN_OBSERVATION	Natuurpunt	waarnemingen.be					CC_BY_NC_4_0	Natuurpunt Studie				2022-04-08T13:02:52.326Z		OCCURRENCE_STATUS_INFERRED_FROM_INDIVIDUAL_COUNT
1570668503	9a0b66df-7535-4f28-9f4e-5bc11b8b096c	Natuurpunt:Waarnemingen:85472943	Animalia	Chordata	Ascidiacea	Stolidobranchia	Styelidae	Botrylloides	Botrylloides violaceus		SPECIES	Botrylloides violaceus Oka, 1927	Botrylloides violaceus	Oka, 1927	BE		West Flanders	PRESENT	1	4d3ceea8-5699-439d-a899-decac9cbbdac	51.333	3.20115	10.0						2014-06-14T00:00:00	14	6	2014	4354941	4354941	HUMAN_OBSERVATION	Natuurpunt	waarnemingen.be					CC_BY_NC_4_0	Natuurpunt Studie				2022-04-08T13:01:15.844Z		OCCURRENCE_STATUS_INFERRED_FROM_INDIVIDUAL_COUNT
1570668501	9a0b66df-7535-4f28-9f4e-5bc11b8b096c	Natuurpunt:Waarnemingen:103099226	Animalia	Chordata	Ascidiacea	Stolidobranchia	Styelidae	Botrylloides	Botrylloides violaceus		SPECIES	Botrylloides violaceus Oka, 1927	Botrylloides violaceus	Oka, 1927	BE		West Flanders	PRESENT	1	4d3ceea8-5699-439d-a899-decac9cbbdac	51.33387	3.20377	10.0						2015-06-07T00:00:00	7	6	2015	4354941	4354941	HUMAN_OBSERVATION	Natuurpunt	waarnemingen.be					CC_BY_NC_4_0	Natuurpunt Studie				2022-04-08T13:01:17.376Z		OCCURRENCE_STATUS_INFERRED_FROM_INDIVIDUAL_COUNT
1570668490	9a0b66df-7535-4f28-9f4e-5bc11b8b096c	Natuurpunt:Waarnemingen:119530753	Animalia	Chordata	Ascidiacea	Stolidobranchia	Styelidae	Botrylloides	Botrylloides violaceus		SPECIES	Botrylloides violaceus Oka, 1927	Botrylloides violaceus	Oka, 1927	BE		West Flanders	PRESENT	1	4d3ceea8-5699-439d-a899-decac9cbbdac	51.33345	3.20276	10.0						2016-06-04T00:00:00	4	6	2016	4354941	4354941	HUMAN_OBSERVATION	Natuurpunt	waarnemingen.be					CC_BY_NC_4_0	Natuurpunt Studie				2022-04-08T13:01:18.907Z		OCCURRENCE_STATUS_INFERRED_FROM_INDIVIDUAL_COUNT
1570668485	9a0b66df-7535-4f28-9f4e-5bc11b8b096c	Natuurpunt:Waarnemingen:40621730	Animalia	Chordata	Ascidiacea	Stolidobranchia	Styelidae	Botrylloides	Botrylloides violaceus		SPECIES	Botrylloides violaceus Oka, 1927	Botrylloides violaceus	Oka, 1927	BE		West Flanders	PRESENT	10	4d3ceea8-5699-439d-a899-decac9cbbdac	51.33319	3.20183	100.0						1999-07-07T00:00:00	7	7	1999	4354941	4354941	HUMAN_OBSERVATION	Natuurpunt	waarnemingen.be					CC_BY_NC_4_0	Natuurpunt Studie				2022-04-08T13:01:05.672Z		OCCURRENCE_STATUS_INFERRED_FROM_INDIVIDUAL_COUNT
1570668480	9a0b66df-7535-4f28-9f4e-5bc11b8b096c	Natuurpunt:Waarnemingen:41039292	Animalia	Chordata	Ascidiacea	Stolidobranchia	Styelidae	Botrylloides	Botrylloides violaceus		SPECIES	Botrylloides violaceus Oka, 1927	Botrylloides violaceus	Oka, 1927	BE		West Flanders	PRESENT	1	4d3ceea8-5699-439d-a899-decac9cbbdac	51.33383	3.20432	100.0						2008-11-17T00:00:00	17	11	2008	4354941	4354941	HUMAN_OBSERVATION	Natuurpunt	waarnemingen.be					CC_BY_NC_4_0	Natuurpunt Studie				2022-04-08T13:01:06.720Z		OCCURRENCE_STATUS_INFERRED_FROM_INDIVIDUAL_COUNT
1570668478	9a0b66df-7535-4f28-9f4e-5bc11b8b096c	Natuurpunt:Waarnemingen:43224938	Animalia	Chordata	Ascidiacea	Stolidobranchia	Styelidae	Botrylloides	Botrylloides violaceus		SPECIES	Botrylloides violaceus Oka, 1927	Botrylloides violaceus	Oka, 1927	BE		West Flanders	PRESENT	11	4d3ceea8-5699-439d-a899-decac9cbbdac	51.33319	3.2026	999.0						2009-05-31T00:00:00	31	5	2009	4354941	4354941	HUMAN_OBSERVATION	Natuurpunt	waarnemingen.be					CC_BY_NC_4_0	Natuurpunt Studie				2022-04-08T13:01:08.297Z		OCCURRENCE_STATUS_INFERRED_FROM_INDIVIDUAL_COUNT
1570668477	9a0b66df-7535-4f28-9f4e-5bc11b8b096c	Natuurpunt:Waarnemingen:40737838	Animalia	Chordata	Ascidiacea	Stolidobranchia	Styelidae	Botrylloides	Botrylloides violaceus		SPECIES	Botrylloides violaceus Oka, 1927	Botrylloides violaceus	Oka, 1927	BE		West Flanders	PRESENT	1	4d3ceea8-5699-439d-a899-decac9cbbdac	51.33311	3.20174	100.0						2004-06-12T00:00:00	12	6	2004	4354941	4354941	HUMAN_OBSERVATION	Natuurpunt	waarnemingen.be					CC_BY_NC_4_0	Natuurpunt Studie				2022-04-08T13:01:06.611Z		OCCURRENCE_STATUS_INFERRED_FROM_INDIVIDUAL_COUNT
1570668475	9a0b66df-7535-4f28-9f4e-5bc11b8b096c	Natuurpunt:Waarnemingen:40169512	Animalia	Chordata	Ascidiacea	Stolidobranchia	Styelidae	Botrylloides	Botrylloides violaceus		SPECIES	Botrylloides violaceus Oka, 1927	Botrylloides violaceus	Oka, 1927	BE		West Flanders	PRESENT	3	4d3ceea8-5699-439d-a899-decac9cbbdac	51.33399	3.20423	100.0						2008-07-28T00:00:00	28	7	2008	4354941	4354941	HUMAN_OBSERVATION	Natuurpunt	waarnemingen.be					CC_BY_NC_4_0	Natuurpunt Studie				2022-04-08T13:02:56.292Z		OCCURRENCE_STATUS_INFERRED_FROM_INDIVIDUAL_COUNT
1570668473	9a0b66df-7535-4f28-9f4e-5bc11b8b096c	Natuurpunt:Waarnemingen:103105624	Animalia	Chordata	Ascidiacea	Stolidobranchia	Styelidae	Botrylloides	Botrylloides violaceus		SPECIES	Botrylloides violaceus Oka, 1927	Botrylloides violaceus	Oka, 1927	BE		West Flanders	PRESENT	1	4d3ceea8-5699-439d-a899-decac9cbbdac	51.3331	3.20175	10.0						2015-06-07T00:00:00	7	6	2015	4354941	4354941	HUMAN_OBSERVATION	Natuurpunt	waarnemingen.be					CC_BY_NC_4_0	Natuurpunt Studie				2022-04-08T13:01:17.377Z		OCCURRENCE_STATUS_INFERRED_FROM_INDIVIDUAL_COUNT
1570668472	9a0b66df-7535-4f28-9f4e-5bc11b8b096c	Natuurpunt:Waarnemingen:118151231	Animalia	Chordata	Ascidiacea	Stolidobranchia	Styelidae	Botrylloides	Botrylloides violaceus		SPECIES	Botrylloides violaceus Oka, 1927	Botrylloides violaceus	Oka, 1927	BE		West Flanders	PRESENT	1	4d3ceea8-5699-439d-a899-decac9cbbdac	51.33368	3.20299	10.0						2016-05-07T00:00:00	7	5	2016	4354941	4354941	HUMAN_OBSERVATION	Natuurpunt	waarnemingen.be					CC_BY_NC_4_0	Natuurpunt Studie				2022-04-08T13:03:00.199Z		OCCURRENCE_STATUS_INFERRED_FROM_INDIVIDUAL_COUNT
1570668471	9a0b66df-7535-4f28-9f4e-5bc11b8b096c	Natuurpunt:Waarnemingen:77003990	Animalia	Chordata	Ascidiacea	Stolidobranchia	Styelidae	Botrylloides	Botrylloides violaceus		SPECIES	Botrylloides violaceus Oka, 1927	Botrylloides violaceus	Oka, 1927	BE		West Flanders	PRESENT	1	4d3ceea8-5699-439d-a899-decac9cbbdac	51.3331	3.20254	100.0						2013-06-21T00:00:00	21	6	2013	4354941	4354941	HUMAN_OBSERVATION	Natuurpunt	waarnemingen.be					CC_BY_NC_4_0	Natuurpunt Studie				2022-04-08T13:01:14.590Z		OCCURRENCE_STATUS_INFERRED_FROM_INDIVIDUAL_COUNT
1570668470	9a0b66df-7535-4f28-9f4e-5bc11b8b096c	Natuurpunt:Waarnemingen:40239013	Animalia	Chordata	Ascidiacea	Stolidobranchia	Styelidae	Botrylloides	Botrylloides violaceus		SPECIES	Botrylloides violaceus Oka, 1927	Botrylloides violaceus	Oka, 1927	BE		West Flanders	PRESENT	100	4d3ceea8-5699-439d-a899-decac9cbbdac	51.33335	3.20346	100.0						2008-08-29T00:00:00	29	8	2008	4354941	4354941	HUMAN_OBSERVATION	Natuurpunt	waarnemingen.be					CC_BY_NC_4_0	Natuurpunt Studie				2022-04-08T13:01:06.479Z		OCCURRENCE_STATUS_INFERRED_FROM_INDIVIDUAL_COUNT
1570668468	9a0b66df-7535-4f28-9f4e-5bc11b8b096c	Natuurpunt:Waarnemingen:85605638	Animalia	Chordata	Ascidiacea	Stolidobranchia	Styelidae	Botrylloides	Botrylloides violaceus		SPECIES	Botrylloides violaceus Oka, 1927	Botrylloides violaceus	Oka, 1927	BE		West Flanders	PRESENT	1	4d3ceea8-5699-439d-a899-decac9cbbdac	51.33353	3.20264	100.0						2014-06-19T00:00:00	19	6	2014	4354941	4354941	HUMAN_OBSERVATION	Natuurpunt	waarnemingen.be					CC_BY_NC_4_0	Natuurpunt Studie				2022-04-08T13:01:16.051Z		OCCURRENCE_STATUS_INFERRED_FROM_INDIVIDUAL_COUNT
1570668467	9a0b66df-7535-4f28-9f4e-5bc11b8b096c	Natuurpunt:Waarnemingen:40744443	Animalia	Chordata	Ascidiacea	Stolidobranchia	Styelidae	Botrylloides	Botrylloides violaceus		SPECIES	Botrylloides violaceus Oka, 1927	Botrylloides violaceus	Oka, 1927	BE		West Flanders	PRESENT	100	4d3ceea8-5699-439d-a899-decac9cbbdac	51.33311	3.20174	100.0						2004-07-24T00:00:00	24	7	2004	4354941	4354941	HUMAN_OBSERVATION	Natuurpunt	waarnemingen.be					CC_BY_NC_4_0	Natuurpunt Studie				2022-04-08T13:02:40.390Z		OCCURRENCE_STATUS_INFERRED_FROM_INDIVIDUAL_COUNT
1570668465	9a0b66df-7535-4f28-9f4e-5bc11b8b096c	Natuurpunt:Waarnemingen:48685753	Animalia	Chordata	Ascidiacea	Stolidobranchia	Styelidae	Botrylloides	Botrylloides violaceus		SPECIES	Botrylloides violaceus Oka, 1927	Botrylloides violaceus	Oka, 1927	BE		West Flanders	PRESENT	1	4d3ceea8-5699-439d-a899-decac9cbbdac	51.33378	3.20457	999.0						2010-06-24T00:00:00	24	6	2010	4354941	4354941	HUMAN_OBSERVATION	Natuurpunt	waarnemingen.be					CC_BY_NC_4_0	Natuurpunt Studie				2022-04-08T13:02:47.161Z		OCCURRENCE_STATUS_INFERRED_FROM_INDIVIDUAL_COUNT
1570668463	9a0b66df-7535-4f28-9f4e-5bc11b8b096c	Natuurpunt:Waarnemingen:102767709	Animalia	Chordata	Ascidiacea	Stolidobranchia	Styelidae	Botrylloides	Botrylloides violaceus		SPECIES	Botrylloides violaceus Oka, 1927	Botrylloides violaceus	Oka, 1927	BE		West Flanders	PRESENT	1	4d3ceea8-5699-439d-a899-decac9cbbdac	51.33336	3.20184	10.0						2015-05-28T00:00:00	28	5	2015	4354941	4354941	HUMAN_OBSERVATION	Natuurpunt	waarnemingen.be					CC_BY_NC_4_0	Natuurpunt Studie				2022-04-08T13:01:17.461Z		OCCURRENCE_STATUS_INFERRED_FROM_INDIVIDUAL_COUNT
1570668458	9a0b66df-7535-4f28-9f4e-5bc11b8b096c	Natuurpunt:Waarnemingen:68634315	Animalia	Chordata	Ascidiacea	Stolidobranchia	Styelidae	Botrylloides	Botrylloides violaceus		SPECIES	Botrylloides violaceus Oka, 1927	Botrylloides violaceus	Oka, 1927	BE		West Flanders	PRESENT	1	4d3ceea8-5699-439d-a899-decac9cbbdac	51.33345	3.20367	100.0						2012-05-21T00:00:00	21	5	2012	4354941	4354941	HUMAN_OBSERVATION	Natuurpunt	waarnemingen.be					CC_BY_NC_4_0	Natuurpunt Studie				2022-04-08T13:02:48.528Z		OCCURRENCE_STATUS_INFERRED_FROM_INDIVIDUAL_COUNT
1570668456	9a0b66df-7535-4f28-9f4e-5bc11b8b096c	Natuurpunt:Waarnemingen:41183562	Animalia	Chordata	Ascidiacea	Stolidobranchia	Styelidae	Botrylloides	Botrylloides violaceus		SPECIES	Botrylloides violaceus Oka, 1927	Botrylloides violaceus	Oka, 1927	BE		West Flanders	PRESENT	1	4d3ceea8-5699-439d-a899-decac9cbbdac	51.3334	3.20234	999.0						2006-06-17T00:00:00	17	6	2006	4354941	4354941	HUMAN_OBSERVATION	Natuurpunt	waarnemingen.be					CC_BY_NC_4_0	Natuurpunt Studie				2022-04-08T13:01:06.783Z		OCCURRENCE_STATUS_INFERRED_FROM_INDIVIDUAL_COUNT
1570668452	9a0b66df-7535-4f28-9f4e-5bc11b8b096c	Natuurpunt:Waarnemingen:77055354	Animalia	Chordata	Ascidiacea	Stolidobranchia	Styelidae	Botrylloides	Botrylloides violaceus		SPECIES	Botrylloides violaceus Oka, 1927	Botrylloides violaceus	Oka, 1927	BE		West Flanders	PRESENT	1	4d3ceea8-5699-439d-a899-decac9cbbdac	51.33343	3.20332	100.0						2013-06-23T00:00:00	23	6	2013	4354941	4354941	HUMAN_OBSERVATION	Natuurpunt	waarnemingen.be					CC_BY_NC_4_0	Natuurpunt Studie				2022-04-08T13:01:14.595Z		OCCURRENCE_STATUS_INFERRED_FROM_INDIVIDUAL_COUNT
1570668451	9a0b66df-7535-4f28-9f4e-5bc11b8b096c	Natuurpunt:Waarnemingen:85534862	Animalia	Chordata	Ascidiacea	Stolidobranchia	Styelidae	Botrylloides	Botrylloides violaceus		SPECIES	Botrylloides violaceus Oka, 1927	Botrylloides violaceus	Oka, 1927	BE		West Flanders	PRESENT	1	4d3ceea8-5699-439d-a899-decac9cbbdac	51.33318	3.20115	10.0						2014-06-14T00:00:00	14	6	2014	4354941	4354941	HUMAN_OBSERVATION	Natuurpunt	waarnemingen.be					CC_BY_NC_4_0	Natuurpunt Studie				2022-04-08T13:02:53.179Z		OCCURRENCE_STATUS_INFERRED_FROM_INDIVIDUAL_COUNT
1570668450	9a0b66df-7535-4f28-9f4e-5bc11b8b096c	Natuurpunt:Waarnemingen:40877560	Animalia	Chordata	Ascidiacea	Stolidobranchia	Styelidae	Botrylloides	Botrylloides violaceus		SPECIES	Botrylloides violaceus Oka, 1927	Botrylloides violaceus	Oka, 1927	BE		West Flanders	PRESENT	10	4d3ceea8-5699-439d-a899-decac9cbbdac	51.33337	3.20179	100.0						2008-10-27T00:00:00	27	10	2008	4354941	4354941	HUMAN_OBSERVATION	Natuurpunt	waarnemingen.be					CC_BY_NC_4_0	Natuurpunt Studie				2022-04-08T13:01:05.721Z		OCCURRENCE_STATUS_INFERRED_FROM_INDIVIDUAL_COUNT
1570668447	9a0b66df-7535-4f28-9f4e-5bc11b8b096c	Natuurpunt:Waarnemingen:119593921	Animalia	Chordata	Ascidiacea	Stolidobranchia	Styelidae	Botrylloides	Botrylloides violaceus		SPECIES	Botrylloides violaceus Oka, 1927	Botrylloides violaceus	Oka, 1927	BE		West Flanders	PRESENT	1	4d3ceea8-5699-439d-a899-decac9cbbdac	51.33356	3.20287	10.0						2016-06-05T00:00:00	5	6	2016	4354941	4354941	HUMAN_OBSERVATION	Natuurpunt	waarnemingen.be					CC_BY_NC_4_0	Natuurpunt Studie				2022-04-08T13:01:18.833Z		OCCURRENCE_STATUS_INFERRED_FROM_INDIVIDUAL_COUNT
1570668446	9a0b66df-7535-4f28-9f4e-5bc11b8b096c	Natuurpunt:Waarnemingen:77072375	Animalia	Chordata	Ascidiacea	Stolidobranchia	Styelidae	Botrylloides	Botrylloides violaceus		SPECIES	Botrylloides violaceus Oka, 1927	Botrylloides violaceus	Oka, 1927	BE		West Flanders	PRESENT	1	4d3ceea8-5699-439d-a899-decac9cbbdac	51.33378	3.20432	100.0						2013-06-23T00:00:00	23	6	2013	4354941	4354941	HUMAN_OBSERVATION	Natuurpunt	waarnemingen.be					CC_BY_NC_4_0	Natuurpunt Studie				2022-04-08T13:01:14.775Z		OCCURRENCE_STATUS_INFERRED_FROM_INDIVIDUAL_COUNT
1570668445	9a0b66df-7535-4f28-9f4e-5bc11b8b096c	Natuurpunt:Waarnemingen:56280873	Animalia	Chordata	Ascidiacea	Stolidobranchia	Styelidae	Botrylloides	Botrylloides violaceus		SPECIES	Botrylloides violaceus Oka, 1927	Botrylloides violaceus	Oka, 1927	BE		West Flanders	PRESENT	11	4d3ceea8-5699-439d-a899-decac9cbbdac	51.3331	3.20218	100.0						2011-08-17T00:00:00	17	8	2011	4354941	4354941	HUMAN_OBSERVATION	Natuurpunt	waarnemingen.be					CC_BY_NC_4_0	Natuurpunt Studie				2022-04-08T13:02:46.707Z		OCCURRENCE_STATUS_INFERRED_FROM_INDIVIDUAL_COUNT
1570668444	9a0b66df-7535-4f28-9f4e-5bc11b8b096c	Natuurpunt:Waarnemingen:43839810	Animalia	Chordata	Ascidiacea	Stolidobranchia	Styelidae	Botrylloides	Botrylloides violaceus		SPECIES	Botrylloides violaceus Oka, 1927	Botrylloides violaceus	Oka, 1927	BE		West Flanders	PRESENT	1	4d3ceea8-5699-439d-a899-decac9cbbdac	51.33309	3.20069	999.0						2009-07-16T00:00:00	16	7	2009	4354941	4354941	HUMAN_OBSERVATION	Natuurpunt	waarnemingen.be					CC_BY_NC_4_0	Natuurpunt Studie				2022-04-08T13:02:40.866Z		OCCURRENCE_STATUS_INFERRED_FROM_INDIVIDUAL_COUNT
1570668443	9a0b66df-7535-4f28-9f4e-5bc11b8b096c	Natuurpunt:Waarnemingen:55919704	Animalia	Chordata	Ascidiacea	Stolidobranchia	Styelidae	Botrylloides	Botrylloides violaceus		SPECIES	Botrylloides violaceus Oka, 1927	Botrylloides violaceus	Oka, 1927	BE		West Flanders	PRESENT	11	4d3ceea8-5699-439d-a899-decac9cbbdac	51.33333	3.2024	100.0						2011-07-28T00:00:00	28	7	2011	4354941	4354941	HUMAN_OBSERVATION	Natuurpunt	waarnemingen.be					CC_BY_NC_4_0	Natuurpunt Studie				2022-04-08T13:01:12.110Z		OCCURRENCE_STATUS_INFERRED_FROM_INDIVIDUAL_COUNT
1570668441	9a0b66df-7535-4f28-9f4e-5bc11b8b096c	Natuurpunt:Waarnemingen:103116500	Animalia	Chordata	Ascidiacea	Stolidobranchia	Styelidae	Botrylloides	Botrylloides violaceus		SPECIES	Botrylloides violaceus Oka, 1927	Botrylloides violaceus	Oka, 1927	BE		West Flanders	PRESENT	1	4d3ceea8-5699-439d-a899-decac9cbbdac	51.33321	3.20209	10.0						2015-06-07T00:00:00	7	6	2015	4354941	4354941	HUMAN_OBSERVATION	Natuurpunt	waarnemingen.be					CC_BY_NC_4_0	Natuurpunt Studie				2022-04-08T13:02:55.200Z		OCCURRENCE_STATUS_INFERRED_FROM_INDIVIDUAL_COUNT
1570668438	9a0b66df-7535-4f28-9f4e-5bc11b8b096c	Natuurpunt:Waarnemingen:40622582	Animalia	Chordata	Ascidiacea	Stolidobranchia	Styelidae	Botrylloides	Botrylloides violaceus		SPECIES	Botrylloides violaceus Oka, 1927	Botrylloides violaceus	Oka, 1927	BE		West Flanders	PRESENT	10	4d3ceea8-5699-439d-a899-decac9cbbdac	51.33319	3.20234	100.0						2000-08-28T00:00:00	28	8	2000	4354941	4354941	HUMAN_OBSERVATION	Natuurpunt	waarnemingen.be					CC_BY_NC_4_0	Natuurpunt Studie				2022-04-08T13:01:06.397Z		OCCURRENCE_STATUS_INFERRED_FROM_INDIVIDUAL_COUNT
1570668436	9a0b66df-7535-4f28-9f4e-5bc11b8b096c	Natuurpunt:Waarnemingen:44368657	Animalia	Chordata	Ascidiacea	Stolidobranchia	Styelidae	Botrylloides	Botrylloides violaceus		SPECIES	Botrylloides violaceus Oka, 1927	Botrylloides violaceus	Oka, 1927	BE		West Flanders	PRESENT	1	4d3ceea8-5699-439d-a899-decac9cbbdac	51.33313	3.20217	999.0						2009-08-23T00:00:00	23	8	2009	4354941	4354941	HUMAN_OBSERVATION	Natuurpunt	waarnemingen.be					CC_BY_NC_4_0	Natuurpunt Studie				2022-04-08T13:01:08.805Z		OCCURRENCE_STATUS_INFERRED_FROM_INDIVIDUAL_COUNT
1570668435	9a0b66df-7535-4f28-9f4e-5bc11b8b096c	Natuurpunt:Waarnemingen:40167844	Animalia	Chordata	Ascidiacea	Stolidobranchia	Styelidae	Botrylloides	Botrylloides violaceus		SPECIES	Botrylloides violaceus Oka, 1927	Botrylloides violaceus	Oka, 1927	BE		West Flanders	PRESENT	3	4d3ceea8-5699-439d-a899-decac9cbbdac	51.33356	3.20277	100.0						2008-07-29T00:00:00	29	7	2008	4354941	4354941	HUMAN_OBSERVATION	Natuurpunt	waarnemingen.be					CC_BY_NC_4_0	Natuurpunt Studie				2022-04-08T13:02:45.301Z		OCCURRENCE_STATUS_INFERRED_FROM_INDIVIDUAL_COUNT
1570668434	9a0b66df-7535-4f28-9f4e-5bc11b8b096c	Natuurpunt:Waarnemingen:48129415	Animalia	Chordata	Ascidiacea	Stolidobranchia	Styelidae	Botrylloides	Botrylloides violaceus		SPECIES	Botrylloides violaceus Oka, 1927	Botrylloides violaceus	Oka, 1927	BE		West Flanders	PRESENT	11	4d3ceea8-5699-439d-a899-decac9cbbdac	51.3334	3.20346	999.0						2010-05-22T00:00:00	22	5	2010	4354941	4354941	HUMAN_OBSERVATION	Natuurpunt	waarnemingen.be					CC_BY_NC_4_0	Natuurpunt Studie				2022-04-08T13:02:44.878Z		OCCURRENCE_STATUS_INFERRED_FROM_INDIVIDUAL_COUNT
1570668432	9a0b66df-7535-4f28-9f4e-5bc11b8b096c	Natuurpunt:Waarnemingen:69087839	Animalia	Chordata	Ascidiacea	Stolidobranchia	Styelidae	Botrylloides	Botrylloides violaceus		SPECIES	Botrylloides violaceus Oka, 1927	Botrylloides violaceus	Oka, 1927	BE		West Flanders	PRESENT	11	4d3ceea8-5699-439d-a899-decac9cbbdac	51.33309	3.20219	100.0						2012-06-10T00:00:00	10	6	2012	4354941	4354941	HUMAN_OBSERVATION	Natuurpunt	waarnemingen.be					CC_BY_NC_4_0	Natuurpunt Studie				2022-04-08T13:01:13.313Z		OCCURRENCE_STATUS_INFERRED_FROM_INDIVIDUAL_COUNT
1570668431	9a0b66df-7535-4f28-9f4e-5bc11b8b096c	Natuurpunt:Waarnemingen:69054650	Animalia	Chordata	Ascidiacea	Stolidobranchia	Styelidae	Botrylloides	Botrylloides violaceus		SPECIES	Botrylloides violaceus Oka, 1927	Botrylloides violaceus	Oka, 1927	BE		West Flanders	PRESENT	1	4d3ceea8-5699-439d-a899-decac9cbbdac	51.33326	3.20197	10.0						2012-06-08T00:00:00	8	6	2012	4354941	4354941	HUMAN_OBSERVATION	Natuurpunt	waarnemingen.be					CC_BY_NC_4_0	Natuurpunt Studie				2022-04-08T13:01:13.138Z		OCCURRENCE_STATUS_INFERRED_FROM_INDIVIDUAL_COUNT
1570668422	9a0b66df-7535-4f28-9f4e-5bc11b8b096c	Natuurpunt:Waarnemingen:69202248	Animalia	Chordata	Ascidiacea	Stolidobranchia	Styelidae	Botrylloides	Botrylloides violaceus		SPECIES	Botrylloides violaceus Oka, 1927	Botrylloides violaceus	Oka, 1927	BE		West Flanders	PRESENT	1	4d3ceea8-5699-439d-a899-decac9cbbdac	51.3331	3.20321	100.0						2012-06-16T00:00:00	16	6	2012	4354941	4354941	HUMAN_OBSERVATION	Natuurpunt	waarnemingen.be					CC_BY_NC_4_0	Natuurpunt Studie				2022-04-08T13:02:48.918Z		OCCURRENCE_STATUS_INFERRED_FROM_INDIVIDUAL_COUNT
1570668413	9a0b66df-7535-4f28-9f4e-5bc11b8b096c	Natuurpunt:Waarnemingen:56148749	Animalia	Chordata	Ascidiacea	Stolidobranchia	Styelidae	Botrylloides	Botrylloides violaceus		SPECIES	Botrylloides violaceus Oka, 1927	Botrylloides violaceus	Oka, 1927	BE		West Flanders	PRESENT	1	4d3ceea8-5699-439d-a899-decac9cbbdac	51.33349	3.20291	100.0						2011-08-09T00:00:00	9	8	2011	4354941	4354941	HUMAN_OBSERVATION	Natuurpunt	waarnemingen.be					CC_BY_NC_4_0	Natuurpunt Studie				2022-04-08T13:02:52.109Z		OCCURRENCE_STATUS_INFERRED_FROM_INDIVIDUAL_COUNT
1570668412	9a0b66df-7535-4f28-9f4e-5bc11b8b096c	Natuurpunt:Waarnemingen:123293228	Animalia	Chordata	Ascidiacea	Stolidobranchia	Styelidae	Botrylloides	Botrylloides violaceus		SPECIES	Botrylloides violaceus Oka, 1927	Botrylloides violaceus	Oka, 1927	BE		West Flanders	PRESENT	1	4d3ceea8-5699-439d-a899-decac9cbbdac	51.33363	3.20294	10.0						2016-09-04T00:00:00	4	9	2016	4354941	4354941	HUMAN_OBSERVATION	Natuurpunt	waarnemingen.be					CC_BY_NC_4_0	Natuurpunt Studie				2022-04-08T13:02:58.001Z		OCCURRENCE_STATUS_INFERRED_FROM_INDIVIDUAL_COUNT
1570668411	9a0b66df-7535-4f28-9f4e-5bc11b8b096c	Natuurpunt:Waarnemingen:42081127	Animalia	Chordata	Ascidiacea	Stolidobranchia	Styelidae	Botrylloides	Botrylloides violaceus		SPECIES	Botrylloides violaceus Oka, 1927	Botrylloides violaceus	Oka, 1927	BE		West Flanders	PRESENT	1	4d3ceea8-5699-439d-a899-decac9cbbdac	51.3334	3.20346	999.0						2006-06-17T00:00:00	17	6	2006	4354941	4354941	HUMAN_OBSERVATION	Natuurpunt	waarnemingen.be					CC_BY_NC_4_0	Natuurpunt Studie				2022-04-08T13:01:07.788Z		OCCURRENCE_STATUS_INFERRED_FROM_INDIVIDUAL_COUNT
1570668408	9a0b66df-7535-4f28-9f4e-5bc11b8b096c	Natuurpunt:Waarnemingen:40742363	Animalia	Chordata	Ascidiacea	Stolidobranchia	Styelidae	Botrylloides	Botrylloides violaceus		SPECIES	Botrylloides violaceus Oka, 1927	Botrylloides violaceus	Oka, 1927	BE		West Flanders	PRESENT	100	4d3ceea8-5699-439d-a899-decac9cbbdac	51.33311	3.20174	100.0						2004-07-22T00:00:00	22	7	2004	4354941	4354941	HUMAN_OBSERVATION	Natuurpunt	waarnemingen.be					CC_BY_NC_4_0	Natuurpunt Studie				2022-04-08T13:02:43.232Z		OCCURRENCE_STATUS_INFERRED_FROM_INDIVIDUAL_COUNT
1570668407	9a0b66df-7535-4f28-9f4e-5bc11b8b096c	Natuurpunt:Waarnemingen:123293169	Animalia	Chordata	Ascidiacea	Stolidobranchia	Styelidae	Botrylloides	Botrylloides violaceus		SPECIES	Botrylloides violaceus Oka, 1927	Botrylloides violaceus	Oka, 1927	BE		West Flanders	PRESENT	1	4d3ceea8-5699-439d-a899-decac9cbbdac	51.33363	3.20294	10.0						2016-09-04T00:00:00	4	9	2016	4354941	4354941	HUMAN_OBSERVATION	Natuurpunt	waarnemingen.be					CC_BY_NC_4_0	Natuurpunt Studie				2022-04-08T13:01:19.271Z		OCCURRENCE_STATUS_INFERRED_FROM_INDIVIDUAL_COUNT
1563377285	66f6192f-6cc0-45fd-a2d1-e76f5ae3eab2	diveboard:352195_3033554_0	Animalia	Chordata	Ascidiacea	Stolidobranchia	Styelidae	Botrylloides	Botrylloides violaceus		SPECIES	Botrylloides violaceus Oka, 1927	Botrylloides violaceus		NL	Scharendijke Wrakje		PRESENT		1989b627-2a61-44db-83e4-392efc5da0a9	51.7407	3.84583	100.0		0.0	0.0	7.6	7.6	2017-04-02T16:50:00	2	4	2017	4354941	4354941	HUMAN_OBSERVATION	Diveboard	Diveboard	diveboard:352195_3033554_0		Niels Schrieken	2017-04-02T00:00:00	CC_BY_NC_4_0	Diveboard	Niels Schrieken			2022-04-05T15:08:00.424Z		COORDINATE_REPROJECTION_SUSPICIOUS
