gbifID	datasetKey	occurrenceID	kingdom	phylum	class	order	family	genus	species	infraspecificEpithet	taxonRank	scientificName	verbatimScientificName	verbatimScientificNameAuthorship	countryCode	locality	stateProvince	occurrenceStatus	individualCount	publishingOrgKey	decimalLatitude	decimalLongitude	coordinateUncertaintyInMeters	coordinatePrecision	elevation	elevationAccuracy	depth	depthAccuracy	eventDate	day	month	year	taxonKey	speciesKey	basisOfRecord	institutionCode	collectionCode	catalogNumber	recordNumber	identifiedBy	dateIdentified	license	rightsHolder	recordedBy	typeStatus	establishmentMeans	lastInterpreted	mediaType	issue
3481647602	aeab6ee6-c27f-4f1c-8c20-418decd54684	6785ab9e-b830-4fc6-afda-24d34334c377	Animalia	Arthropoda	Maxillopoda	Sessilia	Balanidae	Amphibalanus	Amphibalanus eburneus		SPECIES	Amphibalanus eburneus (Gould, 1841)	Amphibalanus eburneus (Gould, 1841)		FR	Seudre amont SM - xBENT22		PRESENT		1928bdf0-f5d2-11dc-8c12-b8a03c50a862	45.43244	1.01218	1.0						2012-10-10T00:00:00	10	10	2012	5862470	5862470	HUMAN_OBSERVATION					(IFREMER : Laboratoire Environnement Ressources de Boulogne-sur-Mer)		CC_BY_4_0		(IFREMER : UMS 3109 CNRS-Ifremer Environnement Littoral Atlantique)			2022-02-22T20:40:01.199Z		GEODETIC_DATUM_ASSUMED_WGS84;FOOTPRINT_WKT_INVALID
3481643473	aeab6ee6-c27f-4f1c-8c20-418decd54684	84f4181e-3b33-4288-b0a4-85bf9a9d0d66	Animalia	Arthropoda	Maxillopoda	Sessilia	Balanidae	Amphibalanus	Amphibalanus eburneus		SPECIES	Amphibalanus eburneus (Gould, 1841)	Amphibalanus eburneus (Gould, 1841)		FR	Seudre amont SM - xBENT22		PRESENT		1928bdf0-f5d2-11dc-8c12-b8a03c50a862	45.43244	1.01218	1.0						2012-10-10T00:00:00	10	10	2012	5862470	5862470	HUMAN_OBSERVATION					(IFREMER : Laboratoire Environnement Ressources de Boulogne-sur-Mer)		CC_BY_4_0		(IFREMER : UMS 3109 CNRS-Ifremer Environnement Littoral Atlantique)			2022-02-22T20:40:00.525Z		GEODETIC_DATUM_ASSUMED_WGS84;FOOTPRINT_WKT_INVALID
3481627754	aeab6ee6-c27f-4f1c-8c20-418decd54684	6ce3484b-670c-4037-aa79-ef9735716ef3	Animalia	Arthropoda	Maxillopoda	Sessilia	Balanidae	Amphibalanus	Amphibalanus eburneus		SPECIES	Amphibalanus eburneus (Gould, 1841)	Amphibalanus eburneus (Gould, 1841)		FR	Seudre amont SM - xBENT22		PRESENT		1928bdf0-f5d2-11dc-8c12-b8a03c50a862	45.43244	1.01218	1.0						2012-10-10T00:00:00	10	10	2012	5862470	5862470	HUMAN_OBSERVATION					(IFREMER : Laboratoire Environnement Ressources de Boulogne-sur-Mer)		CC_BY_4_0		(IFREMER : UMS 3109 CNRS-Ifremer Environnement Littoral Atlantique)			2022-02-22T20:40:00.230Z		GEODETIC_DATUM_ASSUMED_WGS84;FOOTPRINT_WKT_INVALID
3481549253	aeab6ee6-c27f-4f1c-8c20-418decd54684	5e88ccc6-f203-4c7f-af62-236eef0463d0	Animalia	Arthropoda	Maxillopoda	Sessilia	Balanidae	Amphibalanus	Amphibalanus eburneus		SPECIES	Amphibalanus eburneus (Gould, 1841)	Amphibalanus eburneus (Gould, 1841)		FR	Seudre amont SM - xBENT22		PRESENT		1928bdf0-f5d2-11dc-8c12-b8a03c50a862	45.43244	1.01218	1.0						2012-10-10T00:00:00	10	10	2012	5862470	5862470	HUMAN_OBSERVATION					(IFREMER : Laboratoire Environnement Ressources de Boulogne-sur-Mer)		CC_BY_4_0		(IFREMER : UMS 3109 CNRS-Ifremer Environnement Littoral Atlantique)			2022-02-22T20:40:00.280Z		GEODETIC_DATUM_ASSUMED_WGS84;FOOTPRINT_WKT_INVALID
3481294338	aeab6ee6-c27f-4f1c-8c20-418decd54684	a1ec9deb-788b-4553-9539-04d3afba9cd2	Animalia	Arthropoda	Maxillopoda	Sessilia	Balanidae	Amphibalanus	Amphibalanus eburneus		SPECIES	Amphibalanus eburneus (Gould, 1841)	Amphibalanus eburneus (Gould, 1841)		FR	Boyardville SM		PRESENT		1928bdf0-f5d2-11dc-8c12-b8a03c50a862	45.96088	-1.2146	10.0										5862470	5862470	HUMAN_OBSERVATION					(IFREMER : Laboratoire Environnement Ressources de Boulogne-sur-Mer)		CC_BY_4_0		(LIttoral ENvironnement et Sociétés)			2022-02-22T20:39:54.590Z		GEODETIC_DATUM_ASSUMED_WGS84;FOOTPRINT_WKT_INVALID;RECORDED_DATE_INVALID
3481231475	aeab6ee6-c27f-4f1c-8c20-418decd54684	89dde77a-dfd9-4a1d-b26b-d213c60ca20a	Animalia	Arthropoda	Maxillopoda	Sessilia	Balanidae	Amphibalanus	Amphibalanus eburneus		SPECIES	Amphibalanus eburneus (Gould, 1841)	Amphibalanus eburneus (Gould, 1841)		FR	Seudre amont SM - xBENT22		PRESENT		1928bdf0-f5d2-11dc-8c12-b8a03c50a862	45.43244	1.01218	1.0						2012-10-10T00:00:00	10	10	2012	5862470	5862470	HUMAN_OBSERVATION					(IFREMER : Laboratoire Environnement Ressources de Boulogne-sur-Mer)		CC_BY_4_0		(IFREMER : UMS 3109 CNRS-Ifremer Environnement Littoral Atlantique)			2022-02-22T20:39:52.506Z		GEODETIC_DATUM_ASSUMED_WGS84;FOOTPRINT_WKT_INVALID
3481193320	aeab6ee6-c27f-4f1c-8c20-418decd54684	5d0e842b-acb0-4b05-b579-9e4f5771fdd6	Animalia	Arthropoda	Maxillopoda	Sessilia	Balanidae	Amphibalanus	Amphibalanus eburneus		SPECIES	Amphibalanus eburneus (Gould, 1841)	Amphibalanus eburneus (Gould, 1841)		FR	Pointe d'Arcay SM		PRESENT		1928bdf0-f5d2-11dc-8c12-b8a03c50a862	46.2687	-1.2835							2010-03-23T00:00:00	23	3	2010	5862470	5862470	HUMAN_OBSERVATION					(IFREMER : Laboratoire Environnement Ressources de Boulogne-sur-Mer)		CC_BY_4_0		(LIttoral ENvironnement et Sociétés)			2022-02-22T20:39:53.598Z		GEODETIC_DATUM_ASSUMED_WGS84;FOOTPRINT_WKT_INVALID
3456398860	50c9509d-22c7-4a22-a47d-8c48425ef4a7	https://www.inaturalist.org/observations/102834700	Animalia	Arthropoda	Maxillopoda	Sessilia	Balanidae	Amphibalanus	Amphibalanus eburneus		SPECIES	Amphibalanus eburneus (Gould, 1841)	Amphibalanus eburneus		FR		Provence-Alpes-Côte d'Azur	PRESENT		28eb1a3f-1c15-4a95-931a-4af90ecb574d	43.535719	5.032886	8.0						2021-04-18T10:22:00	18	4	2021	5862470	5862470	HUMAN_OBSERVATION	iNaturalist	Observations	102834700		Frédéric ANDRE	2021-12-10T21:21:05	CC_BY_NC_4_0	Frédéric ANDRE	Frédéric ANDRE			2022-04-05T23:31:42.719Z	StillImage	COORDINATE_ROUNDED
3455620916	50c9509d-22c7-4a22-a47d-8c48425ef4a7	https://www.inaturalist.org/observations/102834753	Animalia	Arthropoda	Maxillopoda	Sessilia	Balanidae	Amphibalanus	Amphibalanus eburneus		SPECIES	Amphibalanus eburneus (Gould, 1841)	Amphibalanus eburneus		FR		Provence-Alpes-Côte d'Azur	PRESENT		28eb1a3f-1c15-4a95-931a-4af90ecb574d	43.535372	5.032106	4.0						2021-04-18T10:29:00	18	4	2021	5862470	5862470	HUMAN_OBSERVATION	iNaturalist	Observations	102834753		Frédéric ANDRE	2021-12-10T21:22:10	CC_BY_NC_4_0	Frédéric ANDRE	Frédéric ANDRE			2022-04-05T23:33:05.858Z	StillImage	COORDINATE_ROUNDED
3341157332	d48850ad-3f90-434f-b105-09584cd147db	RwOxyVkyLqzKB2zDDeopeA==_2022-82-122	Animalia	Arthropoda	Maxillopoda	Sessilia	Balanidae	Amphibalanus	Amphibalanus eburneus		SPECIES	Amphibalanus eburneus (Gould, 1841)	Amphibalanus eburneus		UA			PRESENT		b9a1023a-e508-4168-a837-fa0781820a8b	46.383333	31.016667					25.3	0.0	2017-08-28T00:00:00	28	8	2017	5862470	5862470	MATERIAL_SAMPLE	UKRSCES	Joint Open Sea Surveys 2017, Improving Environmental Monitoring in the Black Sea – Phase II (EMBLAS-II), ENPI/2013/313-169, via Marine Strategy Framework Directive					CC0_1_0					2022-01-29T19:36:47.127Z		COORDINATE_ROUNDED;GEODETIC_DATUM_ASSUMED_WGS84;COUNTRY_DERIVED_FROM_COORDINATES;INSTITUTION_MATCH_NONE
2434482550	0102d2af-7f21-4238-b1fa-cbbeeee60423	https://data.biodiversitydata.nl/naturalis/specimen/ZMA.CRUS.C.100185	Animalia	Arthropoda	Maxillopoda	Sessilia	Balanidae	Amphibalanus	Amphibalanus eburneus		SPECIES	Balanus eburneus Gould, 1841	Balanus eburneus Gould, 1841	Gould, 1841	HR	Dalmatië, Prokljan-meer, tegenover Skradin, 15° 53' E, 43° 48' N, exc. Joegoslavië 1954, stat. 20 ; Former Yugoslavia		PRESENT		396d5f30-dea9-11db-8ab4-b8a03c50a862	43.8	15.8833							1954-05-06T00:00:00	6	5	1954	2115699	5862470	PRESERVED_SPECIMEN		Crustacea	ZMA.CRUS.C.100185				CC0_1_0	Naturalis Biodiversity Center				2022-04-15T07:09:46.950Z		COUNTRY_DERIVED_FROM_COORDINATES;INSTITUTION_MATCH_NONE
1986656878	7cff3567-b9bd-41f3-8d9b-aec6893dfeb9	MED-Evvoia coast&gulf_126	Animalia	Arthropoda	Maxillopoda	Sessilia	Balanidae	Amphibalanus	Amphibalanus eburneus		SPECIES	Balanus eburneus Gould, 1841	Balanus eburneus	Gould, 1841	GR	Evvoia coast an Evvoia gulf		PRESENT		96d7ceab-ce9f-4c8a-8d3a-448a5637094a	38.455162	23.579903	3000.0						1970-01-01T00:00:00			1970	2115699	5862470	HUMAN_OBSERVATION	Laboratory of Zoology, Aristotle University of Thessaloniki	Benthic Fauna of the Evvoia Coast and Evvoia Gulf.	MED-Evvoia coast&gulf_126		Marios Kattoulas, Pan. Economidis, Ath. Koukouras		CC_BY_4_0					2022-01-29T11:56:02.198Z		GEODETIC_DATUM_ASSUMED_WGS84;COUNTRY_DERIVED_FROM_COORDINATES
1831095268	50c9509d-22c7-4a22-a47d-8c48425ef4a7	https://www.inaturalist.org/observations/10031516	Animalia	Arthropoda	Maxillopoda	Sessilia	Balanidae	Amphibalanus	Amphibalanus eburneus		SPECIES	Amphibalanus eburneus (Gould, 1841)	Amphibalanus eburneus		IT		Emilia-Romagna	PRESENT		28eb1a3f-1c15-4a95-931a-4af90ecb574d	44.221828	12.386013	5.0						2018-02-28T14:08:18	28	2	2018	5862470	5862470	HUMAN_OBSERVATION	iNaturalist	Observations	10031516		Peter Poortman	2018-02-28T21:03:27	CC_BY_NC_4_0	Eddi Bisulli	Eddi Bisulli			2022-04-05T22:57:18.970Z	StillImage	COORDINATE_ROUNDED
1062375440	da6a07ed-9eee-460d-9448-910f542c1a7b	http://coldb.mnhn.fr/catalognumber/mnhn/iu/2013-11995	Animalia	Arthropoda	Maxillopoda	Sessilia	Balanidae	Amphibalanus	Amphibalanus eburneus		SPECIES	Amphibalanus eburneus (Gould, 1841)	Amphibalanus eburneus (Gould, 1841)	(Gould, 1841)	ES	France		PRESENT	4	2cd829bb-b713-433d-99cf-64bef11e5b3e	43.924722	-4.223889											5862470	5862470	PRESERVED_SPECIMEN	MNHN	IU	2013-11995		Rabet N.		CC_BY_4_0					2022-04-13T15:00:11.249Z		GEODETIC_DATUM_ASSUMED_WGS84;COUNTRY_DERIVED_FROM_COORDINATES;OCCURRENCE_STATUS_INFERRED_FROM_INDIVIDUAL_COUNT;INSTITUTION_MATCH_FUZZY
